Year,Round,Place,Driver,Team,Result,Start_Position,Q,Sprint,P1,P2,P3,Is_dsq,Is_mechanical,Is_accident,P1_missing,P2_missing,P3_missing,Is_finished,FastestLap,Engine,CircleLength,Quantity_of_circles,Quantity_of_drs,Quantity_of_turns,Tire_wear,Speed_of_turns,Downforce,Brake_load,Streets_or_not,Speed_of_track,PitStop_losing_time,Age,Average_pit_stop,AirTemp,TrackTemp,Humidity,Rainfall,WindSpeed,Pressure,Result_last_year,Salary,Team_financial_power,Regulation_Impact,Factorys_or_not,Strengh_of_first_partners,Driver_nationalitie,Points_before_race,Championship_position_before,teammate_points,points_ratio,points_ratio_log,avg_points_ratio,avg_last_3,avg_season
2020,1,Spielberg,ALB,Red Bull Racing,21.13,4,5,0,7.0,13.0,6.0,0,1,0,0,0,0,0,0,Honda,4.318,71,3,10,3,2,1,3,0,2,18.0,24,2.429,20.8,39.92,34.1,True,2.1500000000000004,945.9,15.0,2.0,3,0.0,0,7.0,THA,0.0,,0.0,1.0,0.6931471805599453,1.0,15.0,15.0
2020,1,Spielberg,BOT,Mercedes,1.0,1,1,0,2.0,2.0,2.0,0,0,0,0,0,0,1,0,Mercedes,4.318,71,3,10,3,2,1,3,0,2,18.0,31,3.273,20.8,39.92,34.1,True,2.1500000000000004,945.9,3.0,9.0,3,0.0,1,7.0,FIN,0.0,,12.0,2.083333159722237,1.126011206549921,1.0,3.0,3.0
2020,1,Spielberg,GAS,Racing Bulls,7.0,12,12,0,16.0,17.0,9.0,0,0,0,0,0,0,1,0,Honda,4.318,71,3,10,3,2,1,3,0,2,18.0,24,2.982,20.8,39.92,34.1,True,2.1500000000000004,945.9,7.0,1.0,2,0.0,0,6.0,FRA,0.0,,0.0,6000000.0,15.607270193858982,1.0,7.0,7.0
2020,1,Spielberg,GIO,Sauber,9.0,18,18,0,14.0,14.0,18.0,0,0,0,0,0,0,1,0,Ferrari,4.318,71,3,10,3,2,1,3,0,2,18.0,27,3.938,20.8,39.92,34.1,True,2.1500000000000004,945.9,10.0,0.5,1,0.0,0,7.0,ITA,0.0,,0.0,2000000.0,14.508658238524095,1.0,10.0,10.0
2020,1,Spielberg,GRO,Haas F1 Team,26.2,15,15,0,,16.0,15.0,0,1,0,1,0,0,0,0,Ferrari,4.318,71,3,10,3,2,1,3,0,2,18.0,34,3.966,20.8,39.92,34.1,True,2.1500000000000004,945.9,16.0,2.0,1,0.0,0,7.0,FRA,0.0,,0.0,1.0,0.6931471805599453,1.0,16.0,16.0
2020,1,Spielberg,HAM,Mercedes,4.0,5,2,0,1.0,1.0,1.0,0,0,0,0,0,0,1,0,Mercedes,4.318,71,3,10,3,2,1,3,0,2,18.0,35,3.273,20.8,39.92,34.1,True,2.1500000000000004,945.9,5.0,47.0,3,0.0,1,10.0,GBR,0.0,,25.0,0.4799999808000007,0.39204207480305114,1.0,5.0,5.0
2020,1,Spielberg,KVY,Racing Bulls,21.13,13,13,0,19.0,12.0,14.0,0,1,0,0,0,0,0,0,Honda,4.318,71,3,10,3,2,1,3,0,2,18.0,26,2.982,20.8,39.92,34.1,True,2.1500000000000004,945.9,17.0,0.75,2,0.0,0,7.0,RUS,0.0,,6.0,0.0,0.0,1.0,17.0,17.0
2020,1,Spielberg,LAT,Williams,11.0,20,20,0,18.0,20.0,20.0,0,0,0,0,0,0,1,0,Mercedes,4.318,71,3,10,3,2,1,3,0,2,18.0,25,3.598,20.8,39.92,34.1,True,2.1500000000000004,945.9,,0.75,1,0.0,0,6.0,CAN,0.0,,0.0,1.0,0.6931471805599453,1.0,9.833333333333334,9.833333333333334
2020,1,Spielberg,LEC,Ferrari,2.0,7,7,0,10.0,9.0,5.0,0,0,0,0,0,0,1,0,Ferrari,4.318,71,3,10,3,2,1,3,0,2,18.0,23,3.545,20.8,39.92,34.1,True,2.1500000000000004,945.9,2.0,9.0,3,0.0,1,8.0,MON,0.0,,1.0,17.999982000018,2.944438031798518,1.0,2.0,2.0
2020,1,Spielberg,MAG,Haas F1 Team,39.86,16,16,0,9.0,15.0,17.0,0,1,0,0,0,0,0,0,Ferrari,4.318,71,3,10,3,2,1,3,0,2,18.0,28,3.966,20.8,39.92,34.1,True,2.1500000000000004,945.9,19.0,2.0,1,0.0,0,7.0,DEN,0.0,,0.0,1.0,0.6931471805599453,1.0,19.0,19.0
2020,1,Spielberg,NOR,McLaren,3.0,3,4,0,6.0,6.0,10.0,0,0,0,0,0,0,1,1,Renault,4.318,71,3,10,3,2,1,3,0,2,18.0,21,3.539,20.8,39.92,34.1,True,2.1500000000000004,945.9,6.0,1.5,2,0.0,0,6.0,GBR,0.0,,10.0,1.4999998500000151,0.9162906718741592,1.0,6.0,6.0
2020,1,Spielberg,OCO,Renault,8.0,14,14,0,13.0,11.0,11.0,0,0,0,0,0,0,1,0,Renault,4.318,71,3,10,3,2,1,3,0,2,18.0,24,3.0,20.8,39.92,34.1,True,2.1500000000000004,945.9,,4.0,2,0.0,1,7.0,FRA,0.0,,0.0,4000000.0,15.201805169084134,1.0,9.833333333333334,9.833333333333334
2020,1,Spielberg,PER,Racing Point,6.0,6,6,0,5.0,3.0,4.0,0,0,0,0,0,0,1,0,Mercedes,4.318,71,3,10,3,2,1,3,0,2,18.0,30,3.179,20.8,39.92,34.1,True,2.1500000000000004,945.9,11.0,4.0,2,0.0,0,6.0,MEX,0.0,,0.0,8000000.0,15.894952224644102,1.0,11.0,11.0
2020,1,Spielberg,RAI,Sauber,27.61,19,19,0,15.0,19.0,19.0,0,1,0,0,0,0,0,0,Ferrari,4.318,71,3,10,3,2,1,3,0,2,18.0,41,3.938,20.8,39.92,34.1,True,2.1500000000000004,945.9,9.0,6.0,1,0.0,0,8.0,FIN,0.0,,2.0,0.0,0.0,1.0,9.0,9.0
2020,1,Spielberg,RIC,Renault,42.82,10,10,0,8.0,5.0,12.0,0,1,0,0,0,0,0,0,Renault,4.318,71,3,10,3,2,1,3,0,2,18.0,31,3.0,20.8,39.92,34.1,True,2.1500000000000004,945.9,12.0,20.0,2,0.0,1,6.0,AUS,0.0,,4.0,0.0,0.0,1.0,12.0,12.0
2020,1,Spielberg,RUS,Williams,26.2,17,17,0,17.0,18.0,16.0,0,1,0,0,0,0,0,0,Mercedes,4.318,71,3,10,3,2,1,3,0,2,18.0,22,3.598,20.8,39.92,34.1,True,2.1500000000000004,945.9,18.0,0.75,1,0.0,0,8.0,GBR,0.0,,0.0,1.0,0.6931471805599453,1.0,18.0,18.0
2020,1,Spielberg,SAI,McLaren,5.0,8,8,0,4.0,10.0,13.0,0,0,0,0,0,0,1,0,Renault,4.318,71,3,10,3,2,1,3,0,2,18.0,26,3.539,20.8,39.92,34.1,True,2.1500000000000004,945.9,8.0,4.5,2,0.0,0,9.0,ESP,0.0,,15.0,0.6666666222222252,0.5108255970993254,1.0,8.0,8.0
2020,1,Spielberg,STR,Racing Point,41.55,9,9,0,11.0,7.0,8.0,0,1,0,0,0,0,0,0,Mercedes,4.318,71,3,10,3,2,1,3,0,2,18.0,22,3.179,20.8,39.92,34.1,True,2.1500000000000004,945.9,14.0,1.5,2,0.0,0,,CAN,0.0,,8.0,0.0,0.0,1.0,14.0,14.0
2020,1,Spielberg,VER,Red Bull Racing,45.35,2,3,0,3.0,8.0,3.0,0,1,0,0,0,0,0,0,Honda,4.318,71,3,10,3,2,1,3,0,2,18.0,23,2.429,20.8,39.92,34.1,True,2.1500000000000004,945.9,1.0,16.0,3,0.0,0,,NED,0.0,,0.0,1.0,0.6931471805599453,1.0,1.0,1.0
2020,1,Spielberg,VET,Ferrari,10.0,11,11,0,12.0,4.0,7.0,0,0,0,0,0,0,1,0,Ferrari,4.318,71,3,10,3,2,1,3,0,2,18.0,33,3.545,20.8,39.92,34.1,True,2.1500000000000004,945.9,4.0,35.0,3,0.0,1,6.0,GER,0.0,,18.0,0.055555552469135974,0.054067218346299316,1.0,4.0,4.0
2020,2,Spielberg,ALB,Red Bull Racing,4.0,6,7,0,6.0,7.0,,0,0,0,0,0,1,1,0,Honda,4.318,71,3,10,3,2,1,3,0,2,18.0,24,2.429,20.8,39.92,34.1,True,2.1500000000000004,945.9,15.0,2.0,3,0.0,0,7.0,THA,0.0,11.0,15.0,0.7999999466666703,0.587786635272491,1.0,18.064999999999998,18.064999999999998
2020,2,Spielberg,BOT,Mercedes,2.0,4,4,0,3.0,2.0,,0,0,0,0,0,1,1,0,Mercedes,4.318,71,3,10,3,2,1,3,0,2,18.0,31,3.273,20.8,39.92,34.1,True,2.1500000000000004,945.9,3.0,9.0,3,0.0,1,7.0,FIN,25.0,1.0,25.0,0.7199999712000011,0.5423242740811761,2.083333159722237,2.0,2.0
2020,2,Spielberg,GAS,Racing Bulls,15.0,7,8,0,8.0,11.0,,0,0,0,0,0,1,1,0,Honda,4.318,71,3,10,3,2,1,3,0,2,18.0,24,2.982,20.8,39.92,34.1,True,2.1500000000000004,945.9,7.0,1.0,2,0.0,0,6.0,FRA,6.0,7.0,1.0,0.0,0.0,6000000.0,7.0,7.0
2020,2,Spielberg,GIO,Sauber,14.0,19,19,0,,15.0,,0,0,0,1,0,1,1,0,Ferrari,4.318,71,3,10,3,2,1,3,0,2,18.0,27,3.938,20.8,39.92,34.1,True,2.1500000000000004,945.9,10.0,0.5,1,0.0,0,7.0,ITA,2.0,9.0,0.0,1.0,0.6931471805599453,2000000.0,9.5,9.5
2020,2,Spielberg,GRO,Haas F1 Team,13.0,0,20,0,16.0,19.0,,0,0,0,0,0,1,1,0,Ferrari,4.318,71,3,10,3,2,1,3,0,2,18.0,34,3.966,20.8,39.92,34.1,True,2.1500000000000004,945.9,16.0,2.0,1,0.0,0,7.0,FRA,0.0,11.0,0.0,1.0,0.6931471805599453,1.0,21.1,21.1
2020,2,Spielberg,HAM,Mercedes,1.0,1,1,0,4.0,6.0,,0,0,0,0,0,1,1,0,Mercedes,4.318,71,3,10,3,2,1,3,0,2,18.0,35,3.273,20.8,39.92,34.1,True,2.1500000000000004,945.9,5.0,47.0,3,0.0,1,10.0,GBR,12.0,4.0,18.0,1.3888888117283993,0.8708283254976574,0.4799999808000007,4.5,4.5
2020,2,Spielberg,KVY,Racing Bulls,10.0,13,14,0,11.0,13.0,,0,0,0,0,0,1,1,0,Honda,4.318,71,3,10,3,2,1,3,0,2,18.0,26,2.982,20.8,39.92,34.1,True,2.1500000000000004,945.9,17.0,0.75,2,0.0,0,7.0,RUS,0.0,11.0,0.0,1000000.0,13.815511557963774,0.0,19.064999999999998,19.064999999999998
2020,2,Spielberg,LAT,Williams,17.0,18,18,0,,17.0,,0,0,0,1,0,1,1,0,Mercedes,4.318,71,3,10,3,2,1,3,0,2,18.0,25,3.598,20.8,39.92,34.1,True,2.1500000000000004,945.9,,0.75,1,0.0,0,6.0,CAN,0.0,11.0,0.0,1.0,0.6931471805599453,1.0,11.0,11.0
2020,2,Spielberg,LEC,Ferrari,48.31,14,11,0,12.0,9.0,,0,0,1,0,0,1,0,0,Ferrari,4.318,71,3,10,3,2,1,3,0,2,18.0,23,3.545,20.8,39.92,34.1,True,2.1500000000000004,945.9,2.0,9.0,3,0.0,1,8.0,MON,18.0,2.0,0.0,1.0,0.6931471805599453,17.999982000018,2.0,2.0
2020,2,Spielberg,MAG,Haas F1 Team,12.0,15,15,0,,18.0,,0,0,0,1,0,1,1,0,Ferrari,4.318,71,3,10,3,2,1,3,0,2,18.0,28,3.966,20.8,39.92,34.1,True,2.1500000000000004,945.9,19.0,2.0,1,0.0,0,7.0,DEN,0.0,11.0,0.0,1.0,0.6931471805599453,1.0,29.43,29.43
2020,2,Spielberg,NOR,McLaren,5.0,9,6,0,14.0,8.0,,0,0,0,0,0,1,1,0,Renault,4.318,71,3,10,3,2,1,3,0,2,18.0,21,3.539,20.8,39.92,34.1,True,2.1500000000000004,945.9,6.0,1.5,2,0.0,0,6.0,GBR,15.0,3.0,2.0,4.99999750000125,1.7917590525615097,1.4999998500000151,4.5,4.5
2020,2,Spielberg,OCO,Renault,32.96,5,5,0,13.0,10.0,,0,1,0,0,0,1,0,0,Renault,4.318,71,3,10,3,2,1,3,0,2,18.0,24,3.0,20.8,39.92,34.1,True,2.1500000000000004,945.9,,4.0,2,0.0,1,7.0,FRA,4.0,8.0,4.0,0.0,0.0,4000000.0,8.0,8.0
2020,2,Spielberg,PER,Racing Point,6.0,17,17,0,1.0,3.0,,0,0,0,0,0,1,1,0,Mercedes,4.318,71,3,10,3,2,1,3,0,2,18.0,30,3.179,20.8,39.92,34.1,True,2.1500000000000004,945.9,11.0,4.0,2,0.0,0,6.0,MEX,8.0,6.0,6.0,1.3333331111111482,0.8472977651491197,8000000.0,8.5,8.5
2020,2,Spielberg,RAI,Sauber,11.0,16,16,0,15.0,14.0,,0,0,0,0,0,1,1,0,Ferrari,4.318,71,3,10,3,2,1,3,0,2,18.0,41,3.938,20.8,39.92,34.1,True,2.1500000000000004,945.9,9.0,6.0,1,0.0,0,8.0,FIN,0.0,11.0,0.0,1.0,0.6931471805599453,0.0,18.305,18.305
2020,2,Spielberg,RIC,Renault,8.0,8,9,0,9.0,,,0,0,0,0,1,1,1,0,Renault,4.318,71,3,10,3,2,1,3,0,2,18.0,31,3.0,20.8,39.92,34.1,True,2.1500000000000004,945.9,12.0,20.0,2,0.0,1,6.0,AUS,0.0,11.0,0.0,4000000.0,15.201805169084134,0.0,27.41,27.41
2020,2,Spielberg,RUS,Williams,16.0,11,12,0,,16.0,,0,0,0,1,0,1,1,0,Mercedes,4.318,71,3,10,3,2,1,3,0,2,18.0,22,3.598,20.8,39.92,34.1,True,2.1500000000000004,945.9,18.0,0.75,1,0.0,0,8.0,GBR,0.0,11.0,0.0,1.0,0.6931471805599453,1.0,22.1,22.1
2020,2,Spielberg,SAI,McLaren,9.0,3,3,0,7.0,5.0,,0,0,0,0,0,1,1,1,Renault,4.318,71,3,10,3,2,1,3,0,2,18.0,26,3.539,20.8,39.92,34.1,True,2.1500000000000004,945.9,8.0,4.5,2,0.0,0,9.0,ESP,10.0,5.0,10.0,0.19999998000000202,0.18232154012728952,0.6666666222222252,6.5,6.5
2020,2,Spielberg,STR,Racing Point,7.0,12,13,0,5.0,4.0,,0,0,0,0,0,1,1,0,Mercedes,4.318,71,3,10,3,2,1,3,0,2,18.0,22,3.179,20.8,39.92,34.1,True,2.1500000000000004,945.9,14.0,1.5,2,0.0,0,,CAN,0.0,11.0,8.0,0.7499999062500118,0.5596157343639994,0.0,27.775,27.775
2020,2,Spielberg,VER,Red Bull Racing,3.0,2,2,0,2.0,1.0,,0,0,0,0,0,1,1,0,Honda,4.318,71,3,10,3,2,1,3,0,2,18.0,23,2.429,20.8,39.92,34.1,True,2.1500000000000004,945.9,1.0,16.0,3,0.0,0,,NED,0.0,11.0,12.0,1.249999895833342,0.8109301699200353,1.0,23.175,23.175
2020,2,Spielberg,VET,Ferrari,49.58,10,10,0,10.0,12.0,,0,0,1,0,0,1,0,0,Ferrari,4.318,71,3,10,3,2,1,3,0,2,18.0,33,3.545,20.8,39.92,34.1,True,2.1500000000000004,945.9,4.0,35.0,3,0.0,1,6.0,GER,1.0,10.0,0.0,1.0,0.6931471805599453,0.055555552469135974,7.0,7.0
2020,3,Budapest,ALB,Red Bull Racing,5.0,13,13,0,13.0,,12.0,0,0,0,0,1,0,1,0,Honda,4.381,70,2,14,3,1,3,3,0,1,19.0,24,2.429,20.7,27.129850746268666,77.4,True,1.55,986.3,10.0,2.0,3,0.0,0,7.0,THA,12.0,7.0,18.0,0.5555555246913597,0.44183273243777027,0.8999999733333351,11.709999999999999,11.709999999999999
2020,3,Budapest,BOT,Mercedes,3.0,2,2,0,2.0,2.0,1.0,0,0,0,0,0,0,1,0,Mercedes,4.381,70,2,14,3,1,3,3,0,1,19.0,31,3.273,20.7,27.129850746268666,77.4,True,1.55,986.3,8.0,9.0,3,0.0,1,7.0,FIN,43.0,1.0,25.0,0.599999976000001,0.47000361424573606,1.401666565461119,3.6666666666666665,3.6666666666666665
2020,3,Budapest,GAS,Racing Bulls,43.57,10,10,0,,6.0,9.0,0,1,0,1,0,0,0,0,Honda,4.381,70,2,14,3,1,3,3,0,1,19.0,24,2.982,20.7,27.129850746268666,77.4,True,1.55,986.3,6.0,1.0,2,0.0,0,6.0,FRA,6.0,9.0,0.0,1.0,0.6931471805599453,3000000.0,9.333333333333334,9.333333333333334
2020,3,Budapest,GIO,Sauber,17.0,19,19,0,17.0,11.0,18.0,0,0,0,0,0,0,1,0,Ferrari,4.381,70,2,14,3,1,3,3,0,1,19.0,27,3.938,20.7,27.129850746268666,77.4,True,1.55,986.3,18.0,0.5,1,0.0,0,7.0,ITA,2.0,13.0,0.0,1.0,0.6931471805599453,1000000.5,13.666666666666666,13.666666666666666
2020,3,Budapest,GRO,Haas F1 Team,16.0,0,18,0,14.0,8.0,15.0,0,0,0,0,0,0,1,0,Ferrari,4.381,70,2,14,3,1,3,3,0,1,19.0,34,3.966,20.7,27.129850746268666,77.4,True,1.55,986.3,26.0,2.0,1,0.0,0,7.0,FRA,0.0,16.0,1.0,0.0,0.0,1.0,19.733333333333334,19.733333333333334
2020,3,Budapest,HAM,Mercedes,1.0,1,1,0,1.0,,2.0,0,0,0,0,1,0,1,1,Mercedes,4.381,70,2,14,3,1,3,3,0,1,19.0,35,3.273,20.7,27.129850746268666,77.4,True,1.55,986.3,1.0,47.0,3,0.0,1,10.0,GBR,37.0,2.0,15.0,1.666666555555563,0.9808292113450615,0.9344443962642,2.0,2.0
2020,3,Budapest,KVY,Racing Bulls,12.0,17,17,0,16.0,13.0,17.0,0,0,0,0,0,0,1,0,Honda,4.381,70,2,14,3,1,3,3,0,1,19.0,26,2.982,20.7,27.129850746268666,77.4,True,1.55,986.3,15.0,0.75,2,0.0,0,7.0,RUS,1.0,14.0,0.0,1.0,0.6931471805599453,500000.0,15.376666666666665,15.376666666666665
2020,3,Budapest,LAT,Williams,19.0,15,15,0,15.0,,20.0,0,0,0,0,1,0,1,0,Mercedes,4.381,70,2,14,3,1,3,3,0,1,19.0,25,3.598,20.7,27.129850746268666,77.4,True,1.55,986.3,,0.75,1,0.0,0,6.0,CAN,0.0,16.0,0.0,1.0,0.6931471805599453,1.0,14.0,14.0
2020,3,Budapest,LEC,Ferrari,11.0,6,6,0,7.0,10.0,4.0,0,0,0,0,0,0,1,0,Ferrari,4.381,70,2,14,3,1,3,3,0,1,19.0,23,3.545,20.7,27.129850746268666,77.4,True,1.55,986.3,4.0,9.0,3,0.0,1,8.0,MON,18.0,4.0,8.0,0.0,0.0,9.499991000009,18.103333333333335,18.103333333333335
2020,3,Budapest,MAG,Haas F1 Team,10.0,0,16,0,12.0,,16.0,0,0,0,0,1,0,1,0,Ferrari,4.381,70,2,14,3,1,3,3,0,1,19.0,28,3.966,20.7,27.129850746268666,77.4,True,1.55,986.3,13.0,2.0,1,0.0,0,7.0,DEN,0.0,16.0,0.0,1000000.0,13.815511557963774,1.0,21.62,21.62
2020,3,Budapest,NOR,McLaren,13.0,8,8,0,9.0,12.0,7.0,0,0,0,0,0,0,1,0,Renault,4.381,70,2,14,3,1,3,3,0,1,19.0,21,3.539,20.7,27.129850746268666,77.4,True,1.55,986.3,9.0,1.5,2,0.0,0,6.0,GBR,25.0,3.0,2.0,0.0,0.0,3.2499986750006324,5.666666666666667,5.666666666666667
2020,3,Budapest,OCO,Renault,14.0,14,14,0,10.0,,13.0,0,0,0,0,1,0,1,0,Renault,4.381,70,2,14,3,1,3,3,0,1,19.0,24,3.0,20.7,27.129850746268666,77.4,True,1.55,986.3,,4.0,2,0.0,1,7.0,FRA,4.0,11.0,4.0,0.0,0.0,2000000.0,20.48,20.48
2020,3,Budapest,PER,Racing Point,7.0,4,4,0,3.0,5.0,3.0,0,0,0,0,0,0,1,0,Mercedes,4.381,70,2,14,3,1,3,3,0,1,19.0,30,3.179,20.7,27.129850746268666,77.4,True,1.55,986.3,11.0,4.0,2,0.0,0,6.0,MEX,16.0,5.0,12.0,0.4999999583333368,0.4054650803303885,4000000.6666665557,7.666666666666667,7.666666666666667
2020,3,Budapest,RAI,Sauber,15.0,20,20,0,,9.0,19.0,0,0,0,1,0,0,1,0,Ferrari,4.381,70,2,14,3,1,3,3,0,1,19.0,41,3.938,20.7,27.129850746268666,77.4,True,1.55,986.3,7.0,6.0,1,0.0,0,8.0,FIN,0.0,16.0,0.0,1.0,0.6931471805599453,0.5,15.203333333333333,15.203333333333333
2020,3,Budapest,RIC,Renault,8.0,11,11,0,5.0,,10.0,0,0,0,0,1,0,1,0,Renault,4.381,70,2,14,3,1,3,3,0,1,19.0,31,3.0,20.7,27.129850746268666,77.4,True,1.55,986.3,14.0,20.0,2,0.0,1,6.0,AUS,4.0,11.0,0.0,4000000.0,15.201805169084134,2000000.0,21.606666666666666,21.606666666666666
2020,3,Budapest,RUS,Williams,18.0,12,12,0,18.0,,14.0,0,0,0,0,1,0,1,0,Mercedes,4.381,70,2,14,3,1,3,3,0,1,19.0,22,3.598,20.7,27.129850746268666,77.4,True,1.55,986.3,16.0,0.75,1,0.0,0,8.0,GBR,0.0,16.0,0.0,1.0,0.6931471805599453,1.0,19.400000000000002,19.400000000000002
2020,3,Budapest,SAI,McLaren,9.0,9,9,0,11.0,3.0,11.0,0,0,0,0,0,0,1,0,Renault,4.381,70,2,14,3,1,3,3,0,1,19.0,26,3.539,20.7,27.129850746268666,77.4,True,1.55,986.3,5.0,4.5,2,0.0,0,9.0,ESP,12.0,7.0,0.0,2000000.0,14.508658238524095,0.43333330111111357,6.333333333333333,6.333333333333333
2020,3,Budapest,STR,Racing Point,4.0,3,3,0,4.0,4.0,5.0,0,0,0,0,0,0,1,0,Mercedes,4.381,70,2,14,3,1,3,3,0,1,19.0,22,3.179,20.7,27.129850746268666,77.4,True,1.55,986.3,17.0,1.5,2,0.0,0,,CAN,6.0,9.0,6.0,1.9999996666667221,1.098612177557011,0.3749999531250059,21.849999999999998,21.849999999999998
2020,3,Budapest,VER,Red Bull Racing,2.0,7,7,0,8.0,7.0,6.0,0,0,0,0,0,0,1,0,Honda,4.381,70,2,14,3,1,3,3,0,1,19.0,23,2.429,20.7,27.129850746268666,77.4,True,1.55,986.3,2.0,16.0,3,0.0,0,,NED,15.0,6.0,10.0,1.7999998200000182,1.0296193528954485,1.124999947916671,16.783333333333335,16.783333333333335
2020,3,Budapest,VET,Ferrari,6.0,5,5,0,6.0,1.0,8.0,0,0,0,0,0,0,1,0,Ferrari,4.381,70,2,14,3,1,3,3,0,1,19.0,33,3.545,20.7,27.129850746268666,77.4,True,1.55,986.3,3.0,35.0,3,0.0,1,6.0,GER,1.0,14.0,0.0,8000000.0,15.894952224644102,0.527777776234568,20.86,20.86
2020,4,Silverstone,ALB,Red Bull Racing,8.0,12,12,0,4.0,2.0,13.0,0,0,0,0,0,0,1,0,Honda,5.891,52,2,18,3,3,3,1,0,3,17.0,24,2.429,25.5,43.22758620689656,57.9,False,2.1,1000.9,12.0,2.0,3,0.0,0,7.0,THA,22.0,5.0,18.0,0.2222222098765439,0.20067068536114158,0.7851851571193432,10.043333333333333,10.043333333333333
2020,4,Silverstone,BOT,Mercedes,11.0,2,2,0,7.0,3.0,1.0,0,0,0,0,0,0,1,0,Mercedes,5.891,52,2,18,3,3,3,1,0,3,17.0,31,3.273,25.5,43.22758620689656,57.9,False,2.1,1000.9,2.0,9.0,3,0.0,1,7.0,FIN,58.0,2.0,25.0,0.0,0.0,1.1344443689740797,2.0,2.0
2020,4,Silverstone,GAS,Racing Bulls,7.0,11,11,0,11.0,8.0,10.0,0,0,0,0,0,0,1,0,Honda,5.891,52,2,18,3,3,3,1,0,3,17.0,24,2.982,25.5,43.22758620689656,57.9,False,2.1,1000.9,4.0,1.0,2,0.0,0,6.0,FRA,6.0,11.0,0.0,6000000.0,15.607270193858982,2000000.3333333333,21.856666666666666,21.856666666666666
2020,4,Silverstone,GIO,Sauber,14.0,15,17,0,18.0,13.0,17.0,0,0,0,0,0,0,1,0,Ferrari,5.891,52,2,18,3,3,3,1,0,3,17.0,27,3.938,25.5,43.22758620689656,57.9,False,2.1,1000.9,39.62,0.5,1,0.0,0,7.0,ITA,2.0,13.0,0.0,1.0,0.6931471805599453,666667.3333333334,13.333333333333334,13.333333333333334
2020,4,Silverstone,GRO,Haas F1 Team,16.0,17,19,0,15.0,16.0,15.0,0,0,0,0,0,0,1,0,Ferrari,5.891,52,2,18,3,3,3,1,0,3,17.0,34,3.966,25.5,43.22758620689656,57.9,False,2.1,1000.9,44.81,2.0,1,0.0,0,7.0,FRA,0.0,16.0,0.0,1.0,0.6931471805599453,0.6666666666666666,18.400000000000002,18.400000000000002
2020,4,Silverstone,HAM,Mercedes,1.0,1,1,0,2.0,5.0,2.0,0,0,0,0,0,0,1,0,Mercedes,5.891,52,2,18,3,3,3,1,0,3,17.0,35,3.273,25.5,43.22758620689656,57.9,False,2.1,1000.9,1.0,47.0,3,0.0,1,10.0,GBR,62.0,1.0,0.0,25000000.0,17.034386422832473,1.178518449361321,2.0,2.0
2020,4,Silverstone,HUL,Racing Point,50.0,0,13,0,9.0,7.0,9.0,0,1,0,0,0,0,0,0,Mercedes,5.891,52,2,18,3,3,3,1,0,3,17.0,33,3.179,25.5,43.22758620689656,57.9,False,2.1,1000.9,10.0,,2,0.0,0,6.0,GER,0.0,,2.0,0.0,0.0,1.0,10.0,10.0
2020,4,Silverstone,KVY,Racing Bulls,43.75,19,14,0,10.0,15.0,11.0,0,0,1,0,0,0,0,0,Honda,5.891,52,2,18,3,3,3,1,0,3,17.0,26,2.982,25.5,43.22758620689656,57.9,False,2.1,1000.9,9.0,0.75,2,0.0,0,7.0,RUS,1.0,14.0,6.0,0.0,0.0,333333.6666666667,14.376666666666665,14.376666666666665
2020,4,Silverstone,LAT,Williams,15.0,18,20,0,19.0,20.0,20.0,0,0,0,0,0,0,1,0,Mercedes,5.891,52,2,18,3,3,3,1,0,3,17.0,25,3.598,25.5,43.22758620689656,57.9,False,2.1,1000.9,,0.75,1,0.0,0,6.0,CAN,0.0,16.0,0.0,1.0,0.6931471805599453,1.0,15.666666666666666,15.666666666666666
2020,4,Silverstone,LEC,Ferrari,3.0,4,4,0,5.0,4.0,6.0,0,0,0,0,0,0,1,0,Ferrari,5.891,52,2,18,3,3,3,1,0,3,17.0,23,3.545,25.5,43.22758620689656,57.9,False,2.1,1000.9,3.0,9.0,3,0.0,1,8.0,MON,18.0,6.0,1.0,14.999985000015002,2.7725877847402796,6.333327333339334,20.436666666666667,20.436666666666667
2020,4,Silverstone,MAG,Haas F1 Team,49.42,14,16,0,14.0,19.0,18.0,0,0,1,0,0,0,0,0,Ferrari,5.891,52,2,18,3,3,3,1,0,3,17.0,28,3.966,25.5,43.22758620689656,57.9,False,2.1,1000.9,46.54,2.0,1,0.0,0,7.0,DEN,1.0,14.0,0.0,1.0,0.6931471805599453,333334.0,20.62,20.62
2020,4,Silverstone,NOR,McLaren,5.0,5,5,0,13.0,11.0,7.0,0,0,0,0,0,0,1,0,Renault,5.891,52,2,18,3,3,3,1,0,3,17.0,21,3.539,25.5,43.22758620689656,57.9,False,2.1,1000.9,11.0,1.5,2,0.0,0,6.0,GBR,25.0,4.0,0.0,10000000.0,16.118095750958314,2.166665783333755,7.0,7.0
2020,4,Silverstone,OCO,Renault,6.0,9,9,0,6.0,12.0,12.0,0,0,0,0,0,0,1,0,Renault,5.891,52,2,18,3,3,3,1,0,3,17.0,24,3.0,25.5,43.22758620689656,57.9,False,2.1,1000.9,,4.0,2,0.0,1,7.0,FRA,4.0,12.0,12.0,0.6666666111111158,0.5108255904326596,1333333.3333333333,18.32,18.32
2020,4,Silverstone,RAI,Sauber,17.0,16,18,0,16.0,10.0,19.0,0,0,0,0,0,0,1,0,Ferrari,5.891,52,2,18,3,3,3,1,0,3,17.0,41,3.938,25.5,43.22758620689656,57.9,False,2.1,1000.9,8.0,6.0,1,0.0,0,8.0,FIN,0.0,16.0,0.0,1.0,0.6931471805599453,0.6666666666666666,17.87,17.87
2020,4,Silverstone,RIC,Renault,4.0,8,8,0,8.0,9.0,8.0,0,0,0,0,0,0,1,0,Renault,5.891,52,2,18,3,3,3,1,0,3,17.0,31,3.0,25.5,43.22758620689656,57.9,False,2.1,1000.9,7.0,20.0,2,0.0,1,6.0,AUS,8.0,10.0,8.0,1.4999998125000236,0.9162906568741617,2666666.6666666665,19.606666666666666,19.606666666666666
2020,4,Silverstone,RUS,Williams,12.0,20,15,0,17.0,17.0,16.0,0,0,0,0,0,0,1,0,Mercedes,5.891,52,2,18,3,3,3,1,0,3,17.0,22,3.598,25.5,43.22758620689656,57.9,False,2.1,1000.9,14.0,0.75,1,0.0,0,8.0,GBR,0.0,16.0,0.0,1.0,0.6931471805599453,1.0,20.066666666666666,20.066666666666666
2020,4,Silverstone,SAI,McLaren,13.0,7,7,0,12.0,6.0,5.0,0,0,0,0,0,0,1,0,Renault,5.891,52,2,18,3,3,3,1,0,3,17.0,26,3.539,25.5,43.22758620689656,57.9,False,2.1,1000.9,6.0,4.5,2,0.0,0,9.0,ESP,14.0,8.0,10.0,0.0,0.0,666666.9555555341,7.666666666666667,7.666666666666667
2020,4,Silverstone,STR,Racing Point,9.0,6,6,0,3.0,1.0,4.0,0,0,0,0,0,0,1,0,Mercedes,5.891,52,2,18,3,3,3,1,0,3,17.0,22,3.179,25.5,43.22758620689656,57.9,False,2.1,1000.9,13.0,1.5,2,0.0,0,,CAN,18.0,6.0,0.0,2000000.0,14.508658238524095,0.9166665243055779,17.516666666666666,17.516666666666666
2020,4,Silverstone,VER,Red Bull Racing,2.0,3,3,0,1.0,14.0,3.0,0,0,0,0,0,0,1,1,Honda,5.891,52,2,18,3,3,3,1,0,3,17.0,23,2.429,25.5,43.22758620689656,57.9,False,2.1,1000.9,5.0,16.0,3,0.0,0,,NED,33.0,3.0,4.0,4.499998875000281,1.704747887693001,1.3499999052777867,16.783333333333335,16.783333333333335
2020,4,Silverstone,VET,Ferrari,10.0,10,10,0,,18.0,14.0,0,0,0,1,0,0,1,0,Ferrari,5.891,52,2,18,3,3,3,1,0,3,17.0,33,3.545,25.5,43.22758620689656,57.9,False,2.1,1000.9,16.0,35.0,3,0.0,1,6.0,GER,9.0,9.0,15.0,0.06666666222222252,0.06453851697090478,2666667.0185185173,21.86,21.86
2020,5,Silverstone,ALB,Red Bull Racing,5.0,9,9,0,6.0,11.0,8.0,0,0,0,0,0,0,1,0,Honda,5.891,52,2,18,3,3,3,1,0,3,17.0,24,2.429,25.5,43.22758620689656,57.9,False,2.1,1000.9,12.0,2.0,3,0.0,0,7.0,THA,26.0,6.0,25.0,0.39999998400000064,0.33647222519264186,0.6444444203086435,5.666666666666667,9.532499999999999
2020,5,Silverstone,BOT,Mercedes,3.0,1,1,0,1.0,2.0,2.0,0,0,0,0,0,0,1,0,Mercedes,5.891,52,2,18,3,3,3,1,0,3,17.0,31,3.273,25.5,43.22758620689656,57.9,False,2.1,1000.9,2.0,9.0,3,0.0,1,7.0,FIN,58.0,2.0,18.0,0.8333332870370396,0.6061357783177913,0.8508332767305598,5.333333333333333,4.25
2020,5,Silverstone,GAS,Racing Bulls,11.0,7,7,0,11.0,13.0,11.0,0,0,0,0,0,0,1,0,Honda,5.891,52,2,18,3,3,3,1,0,3,17.0,24,2.982,25.5,43.22758620689656,57.9,False,2.1,1000.9,4.0,1.0,2,0.0,0,6.0,FRA,12.0,10.0,1.0,0.0,0.0,3000000.25,21.856666666666666,18.1425
2020,5,Silverstone,GIO,Sauber,17.0,19,19,0,,20.0,18.0,0,0,0,1,0,0,1,0,Ferrari,5.891,52,2,18,3,3,3,1,0,3,17.0,27,3.938,25.5,43.22758620689656,57.9,False,2.1,1000.9,39.62,0.5,1,0.0,0,7.0,ITA,2.0,13.0,0.0,1.0,0.6931471805599453,500000.75,15.0,13.5
2020,5,Silverstone,GRO,Haas F1 Team,16.0,13,14,0,13.0,15.0,15.0,0,0,0,0,0,0,1,0,Ferrari,5.891,52,2,18,3,3,3,1,0,3,17.0,34,3.966,25.5,43.22758620689656,57.9,False,2.1,1000.9,44.81,2.0,1,0.0,0,7.0,FRA,0.0,16.0,0.0,1.0,0.6931471805599453,0.75,15.0,17.8
2020,5,Silverstone,HAM,Mercedes,2.0,2,2,0,2.0,1.0,1.0,0,0,0,0,0,0,1,1,Mercedes,5.891,52,2,18,3,3,3,1,0,3,17.0,35,3.273,25.5,43.22758620689656,57.9,False,2.1,1000.9,1.0,47.0,3,0.0,1,10.0,GBR,87.0,1.0,15.0,1.1999999200000053,0.7884573240006356,6250000.883888837,1.0,1.75
2020,5,Silverstone,HUL,Racing Point,7.0,3,3,0,4.0,6.0,4.0,0,0,0,0,0,0,1,0,Mercedes,5.891,52,2,18,3,3,3,1,0,3,17.0,33,3.179,25.5,43.22758620689656,57.9,False,2.1,1000.9,10.0,,2,0.0,0,6.0,GER,0.0,16.0,8.0,0.7499999062500118,0.5596157343639994,0.0,30.0,30.0
2020,5,Silverstone,KVY,Racing Bulls,10.0,16,16,0,9.0,12.0,12.0,0,0,0,0,0,0,1,0,Honda,5.891,52,2,18,3,3,3,1,0,3,17.0,26,2.982,25.5,43.22758620689656,57.9,False,2.1,1000.9,9.0,0.75,2,0.0,0,7.0,RUS,1.0,14.0,0.0,1000000.0,13.815511557963774,250000.25,21.916666666666668,21.72
2020,5,Silverstone,LAT,Williams,19.0,18,18,0,16.0,19.0,16.0,0,0,0,0,0,0,1,0,Mercedes,5.891,52,2,18,3,3,3,1,0,3,17.0,25,3.598,25.5,43.22758620689656,57.9,False,2.1,1000.9,,0.75,1,0.0,0,6.0,CAN,0.0,16.0,0.0,1.0,0.6931471805599453,1.0,17.0,15.5
2020,5,Silverstone,LEC,Ferrari,4.0,8,8,0,5.0,7.0,6.0,0,0,0,0,0,0,1,0,Ferrari,5.891,52,2,18,3,3,3,1,0,3,17.0,23,3.545,25.5,43.22758620689656,57.9,False,2.1,1000.9,3.0,9.0,3,0.0,1,8.0,MON,33.0,5.0,0.0,12000000.0,16.300417291085605,8.49999175000825,20.77,16.0775
2020,5,Silverstone,MAG,Haas F1 Team,25.38,17,17,0,20.0,18.0,20.0,0,1,0,0,0,0,0,0,Ferrari,5.891,52,2,18,3,3,3,1,0,3,17.0,28,3.966,25.5,43.22758620689656,57.9,False,2.1,1000.9,46.54,2.0,1,0.0,0,7.0,DEN,1.0,14.0,0.0,1.0,0.6931471805599453,250000.75,23.80666666666667,27.82
2020,5,Silverstone,NOR,McLaren,9.0,10,10,0,12.0,8.0,3.0,0,0,0,0,0,0,1,0,Renault,5.891,52,2,18,3,3,3,1,0,3,17.0,21,3.539,25.5,43.22758620689656,57.9,False,2.1,1000.9,11.0,1.5,2,0.0,0,6.0,GBR,35.0,4.0,0.0,2000000.0,14.508658238524095,2500001.6249993374,7.666666666666667,6.5
2020,5,Silverstone,OCO,Renault,8.0,14,11,0,10.0,10.0,9.0,0,0,0,0,0,0,1,0,Renault,5.891,52,2,18,3,3,3,1,0,3,17.0,24,3.0,25.5,43.22758620689656,57.9,False,2.1,1000.9,,4.0,2,0.0,1,7.0,FRA,12.0,10.0,0.0,4000000.0,15.201805169084134,1000000.1666666528,17.653333333333332,15.24
2020,5,Silverstone,RAI,Sauber,15.0,20,20,0,18.0,17.0,19.0,0,0,0,0,0,0,1,0,Ferrari,5.891,52,2,18,3,3,3,1,0,3,17.0,41,3.938,25.5,43.22758620689656,57.9,False,2.1,1000.9,8.0,6.0,1,0.0,0,8.0,FIN,0.0,16.0,0.0,1.0,0.6931471805599453,0.75,14.333333333333334,17.6525
2020,5,Silverstone,RIC,Renault,14.0,5,5,0,17.0,3.0,14.0,0,0,0,0,0,0,1,0,Renault,5.891,52,2,18,3,3,3,1,0,3,17.0,31,3.0,25.5,43.22758620689656,57.9,False,2.1,1000.9,7.0,20.0,2,0.0,1,6.0,AUS,20.0,7.0,4.0,0.0,0.0,2000000.3749999532,6.666666666666667,15.705
2020,5,Silverstone,RUS,Williams,18.0,15,15,0,15.0,16.0,17.0,0,0,0,0,0,0,1,0,Mercedes,5.891,52,2,18,3,3,3,1,0,3,17.0,22,3.598,25.5,43.22758620689656,57.9,False,2.1,1000.9,14.0,0.75,1,0.0,0,8.0,GBR,0.0,16.0,0.0,1.0,0.6931471805599453,1.0,15.333333333333334,18.05
2020,5,Silverstone,SAI,McLaren,13.0,12,13,0,14.0,9.0,10.0,0,0,0,0,0,0,1,0,Renault,5.891,52,2,18,3,3,3,1,0,3,17.0,26,3.539,25.5,43.22758620689656,57.9,False,2.1,1000.9,6.0,4.5,2,0.0,0,9.0,ESP,14.0,9.0,2.0,0.0,0.0,500000.21666665055,10.333333333333334,9.0
2020,5,Silverstone,STR,Racing Point,6.0,6,6,0,8.0,5.0,5.0,0,0,0,0,0,0,1,0,Mercedes,5.891,52,2,18,3,3,3,1,0,3,17.0,22,3.179,25.5,43.22758620689656,57.9,False,2.1,1000.9,13.0,1.5,2,0.0,0,,CAN,20.0,7.0,6.0,1.3333331111111482,0.8472977651491197,500000.68749989325,6.666666666666667,15.3875
2020,5,Silverstone,VER,Red Bull Racing,1.0,4,4,0,3.0,4.0,7.0,0,0,0,0,0,0,1,0,Honda,5.891,52,2,18,3,3,3,1,0,3,17.0,23,2.429,25.5,43.22758620689656,57.9,False,2.1,1000.9,5.0,16.0,3,0.0,0,,NED,51.0,3.0,10.0,2.499999750000025,1.2527628970668012,2.1374996477084105,2.3333333333333335,13.0875
2020,5,Silverstone,VET,Ferrari,12.0,11,12,0,7.0,14.0,13.0,0,0,0,0,0,0,1,0,Ferrari,5.891,52,2,18,3,3,3,1,0,3,17.0,33,3.545,25.5,43.22758620689656,57.9,False,2.1,1000.9,16.0,35.0,3,0.0,1,6.0,GER,10.0,12.0,12.0,0.0,0.0,2000000.2805555535,21.86,18.895
2020,6,Barcelona,ALB,Red Bull Racing,8.0,6,6,0,8.0,13.0,9.0,0,0,0,0,0,0,1,0,Honda,4.657,66,2,16,3,2,3,2,0,2,20.0,24,2.429,29.9,47.55581395348836,56.2,False,1.5,997.7,11.0,2.0,3,0.0,0,7.0,THA,36.0,6.0,18.0,0.2222222098765439,0.20067068536114158,0.5955555330469149,6.0,8.626
2020,6,Barcelona,BOT,Mercedes,3.0,2,2,0,1.0,2.0,2.0,0,0,0,0,0,0,1,1,Mercedes,4.657,66,2,16,3,2,3,2,0,2,20.0,31,3.273,29.9,47.55581395348836,56.2,False,1.5,997.7,2.0,9.0,3,0.0,1,7.0,FIN,73.0,3.0,25.0,0.599999976000001,0.47000361424573606,0.8473332787918558,5.666666666666667,4.0
2020,6,Barcelona,GAS,Racing Bulls,9.0,10,10,0,14.0,10.0,7.0,0,0,0,0,0,0,1,0,Honda,4.657,66,2,16,3,2,3,2,0,2,20.0,24,2.982,29.9,47.55581395348836,56.2,False,1.5,997.7,6.0,1.0,2,0.0,0,6.0,FRA,12.0,12.0,0.0,2000000.0,14.508658238524095,2400000.2,20.523333333333333,16.714
2020,6,Barcelona,GIO,Sauber,16.0,20,20,0,15.0,18.0,18.0,0,0,1,0,0,0,1,0,Ferrari,4.657,66,2,16,3,2,3,2,0,2,20.0,27,3.938,29.9,47.55581395348836,56.2,False,1.5,997.7,16.0,0.5,1,0.0,0,7.0,ITA,2.0,14.0,0.0,1.0,0.6931471805599453,400000.8,16.0,14.2
2020,6,Barcelona,GRO,Haas F1 Team,19.0,17,17,0,6.0,5.0,13.0,0,0,0,0,0,0,1,0,Ferrari,4.657,66,2,16,3,2,3,2,0,2,20.0,34,3.966,29.9,47.55581395348836,56.2,False,1.5,997.7,10.0,2.0,1,0.0,0,7.0,FRA,0.0,17.0,0.0,1.0,0.6931471805599453,0.8,16.0,17.44
2020,6,Barcelona,HAM,Mercedes,1.0,1,1,0,2.0,1.0,1.0,0,0,0,0,0,0,1,0,Mercedes,4.657,66,2,16,3,2,3,2,0,2,20.0,35,3.273,29.9,47.55581395348836,56.2,False,1.5,997.7,1.0,47.0,3,0.0,1,10.0,GBR,105.0,1.0,15.0,1.666666555555563,0.9808292113450615,5000000.947111053,1.3333333333333333,1.8
2020,6,Barcelona,KVY,Racing Bulls,12.0,12,12,0,17.0,15.0,16.0,0,0,0,0,0,0,1,0,Honda,4.657,66,2,16,3,2,3,2,0,2,20.0,26,2.982,29.9,47.55581395348836,56.2,False,1.5,997.7,9.0,0.75,2,0.0,0,7.0,RUS,2.0,14.0,2.0,0.0,0.0,400000.2,21.916666666666668,19.375999999999998
2020,6,Barcelona,LAT,Williams,18.0,19,19,0,19.0,19.0,20.0,0,0,0,0,0,0,1,0,Mercedes,4.657,66,2,16,3,2,3,2,0,2,20.0,25,3.598,29.9,47.55581395348836,56.2,False,1.5,997.7,,0.75,1,0.0,0,6.0,CAN,0.0,17.0,0.0,1.0,0.6931471805599453,1.0,17.666666666666668,16.2
2020,6,Barcelona,LEC,Ferrari,28.48,9,9,0,4.0,6.0,6.0,0,1,0,0,0,0,0,0,Ferrari,4.657,66,2,16,3,2,3,2,0,2,20.0,23,3.545,29.9,47.55581395348836,56.2,False,1.5,997.7,5.0,9.0,3,0.0,1,8.0,MON,45.0,4.0,6.0,0.0,0.0,2400006.7999934,6.0,13.662
2020,6,Barcelona,MAG,Haas F1 Team,15.0,16,16,0,9.0,16.0,17.0,0,0,0,0,0,0,1,0,Ferrari,4.657,66,2,16,3,2,3,2,0,2,20.0,28,3.966,29.9,47.55581395348836,56.2,False,1.5,997.7,7.0,2.0,1,0.0,0,7.0,DEN,1.0,16.0,0.0,1.0,0.6931471805599453,200000.8,28.266666666666666,27.332
2020,6,Barcelona,NOR,McLaren,10.0,8,8,0,13.0,14.0,15.0,0,0,0,0,0,0,1,0,Renault,4.657,66,2,16,3,2,3,2,0,2,20.0,21,3.539,29.9,47.55581395348836,56.2,False,1.5,997.7,26.67,1.5,2,0.0,0,6.0,GBR,37.0,5.0,0.0,1000000.0,13.815511557963774,2400001.29999947,9.0,7.0
2020,6,Barcelona,OCO,Renault,13.0,15,15,0,12.0,9.0,11.0,0,0,0,0,0,0,1,0,Renault,4.657,66,2,16,3,2,3,2,0,2,20.0,24,3.0,29.9,47.55581395348836,56.2,False,1.5,997.7,,4.0,2,0.0,1,7.0,FRA,16.0,10.0,0.0,1.0,0.6931471805599453,1600000.1333333221,9.333333333333334,13.792000000000002
2020,6,Barcelona,PER,Racing Point,5.0,4,4,0,7.0,8.0,5.0,0,0,0,0,0,0,1,0,Mercedes,4.657,66,2,16,3,2,3,2,0,2,20.0,30,3.179,29.9,47.55581395348836,56.2,False,1.5,997.7,15.0,4.0,2,0.0,0,6.0,MEX,22.0,8.0,12.0,0.8333332638888947,0.6061357656915302,2666667.27777769,6.333333333333333,6.333333333333333
2020,6,Barcelona,RAI,Sauber,14.0,14,14,0,16.0,17.0,14.0,0,0,0,0,0,0,1,0,Ferrari,4.657,66,2,16,3,2,3,2,0,2,20.0,41,3.938,29.9,47.55581395348836,56.2,False,1.5,997.7,14.0,6.0,1,0.0,0,8.0,FIN,0.0,17.0,0.0,1.0,0.6931471805599453,0.8,15.666666666666666,17.122
2020,6,Barcelona,RIC,Renault,11.0,13,13,0,18.0,4.0,10.0,0,0,0,0,0,0,1,0,Renault,4.657,66,2,16,3,2,3,2,0,2,20.0,31,3.0,29.9,47.55581395348836,56.2,False,1.5,997.7,12.0,20.0,2,0.0,1,6.0,AUS,20.0,9.0,0.0,1.0,0.6931471805599453,1600000.2999999626,8.666666666666666,15.363999999999999
2020,6,Barcelona,RUS,Williams,17.0,18,18,0,,20.0,19.0,0,0,0,1,0,0,1,0,Mercedes,4.657,66,2,16,3,2,3,2,0,2,20.0,22,3.598,29.9,47.55581395348836,56.2,False,1.5,997.7,17.0,0.75,1,0.0,0,8.0,GBR,0.0,17.0,0.0,1.0,0.6931471805599453,1.0,16.0,18.04
2020,6,Barcelona,SAI,McLaren,50.0,7,7,0,11.0,7.0,4.0,0,1,0,0,0,0,0,0,Renault,4.657,66,2,16,3,2,3,2,0,2,20.0,26,3.539,29.9,47.55581395348836,56.2,False,1.5,997.7,8.0,4.5,2,0.0,0,9.0,ESP,14.0,11.0,1.0,0.0,0.0,400000.1733333204,11.666666666666666,9.8
2020,6,Barcelona,STR,Racing Point,4.0,5,5,0,10.0,11.0,8.0,0,0,0,0,0,0,1,0,Mercedes,4.657,66,2,16,3,2,3,2,0,2,20.0,22,3.179,29.9,47.55581395348836,56.2,False,1.5,997.7,26.67,1.5,2,0.0,0,,CAN,28.0,7.0,10.0,1.199999880000012,0.7884573058188196,400000.81666653685,6.333333333333333,13.51
2020,6,Barcelona,VER,Red Bull Racing,2.0,3,3,0,3.0,3.0,3.0,0,0,0,0,0,0,1,0,Honda,4.657,66,2,16,3,2,3,2,0,2,20.0,23,2.429,29.9,47.55581395348836,56.2,False,1.5,997.7,3.0,16.0,3,0.0,0,,NED,76.0,2.0,4.0,4.499998875000281,1.704747887693001,2.2099996681667333,1.6666666666666667,10.67
2020,6,Barcelona,VET,Ferrari,7.0,11,11,0,5.0,12.0,12.0,0,0,0,0,0,0,1,0,Ferrari,4.657,66,2,16,3,2,3,2,0,2,20.0,33,3.545,29.9,47.55581395348836,56.2,False,1.5,997.7,4.0,35.0,3,0.0,1,6.0,GER,10.0,13.0,0.0,6000000.0,15.607270193858982,1600000.224444443,9.333333333333334,17.516
2020,7,Spa-Francorchamps,ALB,Red Bull Racing,6.0,5,5,0,6.0,4.0,4.0,0,0,0,0,0,0,1,0,Honda,7.004,44,2,19,2,3,2,2,0,3,24.0,24,2.429,18.4,29.82396694214876,54.6,False,1.4,962.4,5.0,2.0,3,0.0,0,7.0,THA,40.0,5.0,15.0,0.5333332977777802,0.4274439916385351,0.5333333125185197,7.0,8.521666666666667
2020,7,Spa-Francorchamps,BOT,Mercedes,2.0,2,2,0,1.0,6.0,5.0,0,0,0,0,0,0,1,0,Mercedes,7.004,44,2,19,2,3,2,2,0,3,24.0,31,3.273,18.4,29.82396694214876,54.6,False,1.4,962.4,3.0,9.0,3,0.0,1,7.0,FIN,88.0,3.0,25.0,0.7199999712000011,0.5423242740811761,0.8061110616598799,5.666666666666667,3.8333333333333335
2020,7,Spa-Francorchamps,GAS,Racing Bulls,8.0,12,12,0,12.0,10.0,11.0,0,0,0,0,0,0,1,0,Honda,7.004,44,2,19,2,3,2,2,0,3,24.0,24,2.982,18.4,29.82396694214876,54.6,False,1.4,962.4,9.0,1.0,2,0.0,0,6.0,FRA,14.0,12.0,0.0,4000000.0,15.201805169084134,2333333.5,9.0,15.428333333333333
2020,7,Spa-Francorchamps,GIO,Sauber,43.87,18,18,0,,13.0,19.0,0,0,1,1,0,0,0,0,Ferrari,7.004,44,2,19,2,3,2,2,0,3,24.0,27,3.938,18.4,29.82396694214876,54.6,False,1.4,962.4,18.0,0.5,1,0.0,0,7.0,ITA,2.0,14.0,0.0,1.0,0.6931471805599453,333334.1666666667,15.666666666666666,14.5
2020,7,Spa-Francorchamps,GRO,Haas F1 Team,15.0,17,17,0,,19.0,15.0,0,0,0,1,0,0,1,0,Ferrari,7.004,44,2,19,2,3,2,2,0,3,24.0,34,3.966,18.4,29.82396694214876,54.6,False,1.4,962.4,13.0,2.0,1,0.0,0,7.0,FRA,0.0,17.0,0.0,1.0,0.6931471805599453,0.8333333333333334,17.0,17.7
2020,7,Spa-Francorchamps,HAM,Mercedes,1.0,1,1,0,2.0,3.0,1.0,0,0,0,0,0,0,1,0,Mercedes,7.004,44,2,19,2,3,2,2,0,3,24.0,35,3.273,18.4,29.82396694214876,54.6,False,1.4,962.4,2.0,47.0,3,0.0,1,10.0,GBR,130.0,1.0,18.0,1.3888888117283993,0.8708283254976574,4166667.7337036375,1.3333333333333333,1.6666666666666667
2020,7,Spa-Francorchamps,KVY,Racing Bulls,11.0,11,11,0,11.0,12.0,12.0,0,0,0,0,0,0,1,0,Honda,7.004,44,2,19,2,3,2,2,0,3,24.0,26,2.982,18.4,29.82396694214876,54.6,False,1.4,962.4,7.0,0.75,2,0.0,0,7.0,RUS,2.0,14.0,4.0,0.0,0.0,333333.5,21.916666666666668,18.146666666666665
2020,7,Spa-Francorchamps,LAT,Williams,16.0,19,19,0,16.0,18.0,13.0,0,0,0,0,0,0,1,0,Mercedes,7.004,44,2,19,2,3,2,2,0,3,24.0,25,3.598,18.4,29.82396694214876,54.6,False,1.4,962.4,,0.75,1,0.0,0,6.0,CAN,0.0,17.0,0.0,1.0,0.6931471805599453,1.0,17.333333333333332,16.5
2020,7,Spa-Francorchamps,LEC,Ferrari,14.0,13,13,0,14.0,15.0,17.0,0,0,0,0,0,0,1,0,Ferrari,7.004,44,2,19,2,3,2,2,0,3,24.0,23,3.545,18.4,29.82396694214876,54.6,False,1.4,962.4,1.0,9.0,3,0.0,1,8.0,MON,45.0,4.0,0.0,1.0,0.6931471805599453,2000005.6666611666,11.826666666666668,16.131666666666668
2020,7,Spa-Francorchamps,MAG,Haas F1 Team,17.0,20,20,0,,20.0,14.0,0,0,0,1,0,0,1,0,Ferrari,7.004,44,2,19,2,3,2,2,0,3,24.0,28,3.966,18.4,29.82396694214876,54.6,False,1.4,962.4,12.0,2.0,1,0.0,0,7.0,DEN,1.0,16.0,0.0,1.0,0.6931471805599453,166667.5,29.933333333333334,25.276666666666667
2020,7,Spa-Francorchamps,NOR,McLaren,7.0,10,10,0,10.0,7.0,3.0,0,0,0,0,0,0,1,0,Renault,7.004,44,2,19,2,3,2,2,0,3,24.0,21,3.539,18.4,29.82396694214876,54.6,False,1.4,962.4,11.0,1.5,2,0.0,0,6.0,GBR,38.0,7.0,0.0,6000000.0,15.607270193858982,2166667.749999558,8.0,7.5
2020,7,Spa-Francorchamps,OCO,Renault,5.0,6,6,0,7.0,8.0,2.0,0,0,0,0,0,0,1,0,Renault,7.004,44,2,19,2,3,2,2,0,3,24.0,24,3.0,18.4,29.82396694214876,54.6,False,1.4,962.4,,4.0,2,0.0,1,7.0,FRA,16.0,10.0,12.0,0.8333332638888947,0.6061357656915302,1333333.611111102,9.0,13.660000000000002
2020,7,Spa-Francorchamps,PER,Racing Point,10.0,8,8,0,4.0,5.0,10.0,0,0,0,0,0,0,1,0,Mercedes,7.004,44,2,19,2,3,2,2,0,3,24.0,30,3.179,18.4,29.82396694214876,54.6,False,1.4,962.4,6.0,4.0,2,0.0,0,6.0,MEX,32.0,8.0,2.0,0.499999750000125,0.40546494144156714,2000000.6666665834,6.0,6.0
2020,7,Spa-Francorchamps,RAI,Sauber,12.0,16,16,0,13.0,14.0,16.0,0,0,0,0,0,0,1,0,Ferrari,7.004,44,2,19,2,3,2,2,0,3,24.0,41,3.938,18.4,29.82396694214876,54.6,False,1.4,962.4,16.0,6.0,1,0.0,0,8.0,FIN,0.0,17.0,0.0,1.0,0.6931471805599453,0.8333333333333334,15.333333333333334,16.601666666666667
2020,7,Spa-Francorchamps,RIC,Renault,4.0,4,4,0,9.0,2.0,7.0,0,0,0,0,0,0,1,1,Renault,7.004,44,2,19,2,3,2,2,0,3,24.0,31,3.0,18.4,29.82396694214876,54.6,False,1.4,962.4,14.0,20.0,2,0.0,1,6.0,AUS,20.0,9.0,10.0,1.199999880000012,0.7884573058188196,1333333.7499999688,9.666666666666666,14.636666666666665
2020,7,Spa-Francorchamps,RUS,Williams,43.87,15,15,0,17.0,16.0,18.0,0,0,1,0,0,0,0,0,Mercedes,7.004,44,2,19,2,3,2,2,0,3,24.0,22,3.598,18.4,29.82396694214876,54.6,False,1.4,962.4,15.0,0.75,1,0.0,0,8.0,GBR,0.0,17.0,0.0,1.0,0.6931471805599453,1.0,15.666666666666666,17.866666666666667
2020,7,Spa-Francorchamps,SAI,McLaren,50.0,7,7,0,8.0,9.0,9.0,0,1,0,0,0,0,0,0,Renault,7.004,44,2,19,2,3,2,2,0,3,24.0,26,3.539,18.4,29.82396694214876,54.6,False,1.4,962.4,47.95,4.5,2,0.0,0,9.0,ESP,14.0,12.0,6.0,0.0,0.0,333333.47777776705,25.333333333333332,16.5
2020,7,Spa-Francorchamps,STR,Racing Point,9.0,9,9,0,5.0,11.0,8.0,0,0,0,0,0,0,1,0,Mercedes,7.004,44,2,19,2,3,2,2,0,3,24.0,22,3.179,18.4,29.82396694214876,54.6,False,1.4,962.4,10.0,1.5,2,0.0,0,,CAN,40.0,5.0,1.0,1.9999980000020001,1.0986116220018876,333334.2138887607,6.333333333333333,11.924999999999999
2020,7,Spa-Francorchamps,VER,Red Bull Racing,3.0,3,3,0,3.0,1.0,6.0,0,0,0,0,0,0,1,0,Honda,7.004,44,2,19,2,3,2,2,0,3,24.0,23,2.429,18.4,29.82396694214876,54.6,False,1.4,962.4,50.0,16.0,3,0.0,0,,NED,94.0,2.0,8.0,1.8749997656250295,1.0560525927275815,2.5916662026389914,1.6666666666666667,9.225
2020,7,Spa-Francorchamps,VET,Ferrari,13.0,14,14,0,15.0,17.0,20.0,0,0,0,0,0,0,1,0,Ferrari,7.004,44,2,19,2,3,2,2,0,3,24.0,33,3.545,18.4,29.82396694214876,54.6,False,1.4,962.4,4.0,35.0,3,0.0,1,6.0,GER,16.0,10.0,0.0,1.0,0.6931471805599453,2333333.5203703693,9.666666666666666,15.763333333333334
2020,8,Monza,ALB,Red Bull Racing,15.0,9,9,0,3.0,11.0,7.0,0,0,0,0,0,0,1,0,Honda,5.793,53,2,11,2,3,1,2,0,3,22.0,24,2.429,28.1,41.201398601398594,40.0,False,1.4,990.6,6.0,2.0,3,0.0,0,7.0,THA,48.0,4.0,0.0,1.0,0.6931471805599453,0.5333333104126998,6.333333333333333,8.161428571428571
2020,8,Monza,BOT,Mercedes,5.0,2,2,0,1.0,2.0,1.0,0,0,0,0,0,0,1,0,Mercedes,5.793,53,2,11,2,3,1,2,0,3,22.0,31,3.273,28.1,41.201398601398594,40.0,False,1.4,990.6,2.0,9.0,3,0.0,1,7.0,FIN,106.0,3.0,6.0,1.666666388888935,0.9808291488450714,0.7938094773084686,2.6666666666666665,3.5714285714285716
2020,8,Monza,GAS,Racing Bulls,1.0,10,10,0,6.0,5.0,12.0,0,0,0,0,0,0,1,0,Honda,5.793,53,2,11,2,3,1,2,0,3,22.0,24,2.982,28.1,41.201398601398594,40.0,False,1.4,990.6,11.0,1.0,2,0.0,0,6.0,FRA,18.0,11.0,2.0,12.499993750003124,2.602689222481545,2571428.714285714,9.333333333333334,14.367142857142856
2020,8,Monza,GIO,Sauber,16.0,18,18,0,16.0,16.0,20.0,0,0,0,0,0,0,1,0,Ferrari,5.793,53,2,11,2,3,1,2,0,3,22.0,27,3.938,28.1,41.201398601398594,40.0,False,1.4,990.6,9.0,0.5,1,0.0,0,7.0,ITA,2.0,14.0,0.0,1.0,0.6931471805599453,285715.14285714284,25.623333333333335,18.695714285714285
2020,8,Monza,GRO,Haas F1 Team,12.0,16,16,0,14.0,14.0,14.0,0,0,0,0,0,0,1,0,Ferrari,5.793,53,2,11,2,3,1,2,0,3,22.0,34,3.966,28.1,41.201398601398594,40.0,False,1.4,990.6,16.0,2.0,1,0.0,0,7.0,FRA,0.0,17.0,0.0,1.0,0.6931471805599453,0.8571428571428571,16.666666666666668,17.314285714285713
2020,8,Monza,HAM,Mercedes,7.0,1,1,0,2.0,1.0,5.0,0,0,0,0,0,0,1,1,Mercedes,5.793,53,2,11,2,3,1,2,0,3,22.0,35,3.273,28.1,41.201398601398594,40.0,False,1.4,990.6,3.0,47.0,3,0.0,1,10.0,GBR,155.0,1.0,10.0,0.599999940000006,0.4700035917457386,3571429.6844443763,1.3333333333333333,1.5714285714285714
2020,8,Monza,KVY,Racing Bulls,9.0,11,11,0,4.0,8.0,13.0,0,0,0,0,0,0,1,0,Honda,5.793,53,2,11,2,3,1,2,0,3,22.0,26,2.982,28.1,41.201398601398594,40.0,False,1.4,990.6,29.06,0.75,2,0.0,0,7.0,RUS,2.0,14.0,25.0,0.07999999680000013,0.07696103817316548,285714.4285714286,11.0,17.125714285714285
2020,8,Monza,LAT,Williams,11.0,20,20,0,20.0,19.0,19.0,0,0,0,0,0,0,1,0,Mercedes,5.793,53,2,11,2,3,1,2,0,3,22.0,25,3.598,28.1,41.201398601398594,40.0,False,1.4,990.6,,0.75,1,0.0,0,6.0,CAN,0.0,17.0,0.0,1.0,0.6931471805599453,1.0,17.666666666666668,16.428571428571427
2020,8,Monza,LEC,Ferrari,38.68,13,13,0,11.0,10.0,11.0,0,0,1,0,0,0,0,0,Ferrari,5.793,53,2,11,2,3,1,2,0,3,22.0,23,3.545,28.1,41.201398601398594,40.0,False,1.4,990.6,1.0,9.0,3,0.0,1,8.0,MON,45.0,5.0,0.0,1.0,0.6931471805599453,1714290.714281,15.493333333333334,15.827142857142858
2020,8,Monza,MAG,Haas F1 Team,40.38,15,15,0,15.0,17.0,16.0,0,1,0,0,0,0,0,0,Ferrari,5.793,53,2,11,2,3,1,2,0,3,22.0,28,3.966,28.1,41.201398601398594,40.0,False,1.4,990.6,21.89,2.0,1,0.0,0,7.0,DEN,1.0,16.0,0.0,1.0,0.6931471805599453,142858.0,19.126666666666665,24.094285714285714
2020,8,Monza,NOR,McLaren,4.0,6,6,0,7.0,4.0,3.0,0,0,0,0,0,0,1,0,Renault,5.793,53,2,11,2,3,1,2,0,3,22.0,21,3.539,28.1,41.201398601398594,40.0,False,1.4,990.6,10.0,1.5,2,0.0,0,6.0,GBR,44.0,6.0,18.0,0.6666666296296316,0.5108256015437694,2714286.642856764,8.666666666666666,7.428571428571429
2020,8,Monza,OCO,Renault,8.0,12,12,0,12.0,13.0,8.0,0,0,0,0,0,0,1,0,Renault,5.793,53,2,11,2,3,1,2,0,3,22.0,24,3.0,28.1,41.201398601398594,40.0,False,1.4,990.6,,4.0,2,0.0,1,7.0,FRA,26.0,10.0,8.0,0.4999999375000079,0.4054650664415021,1142857.499999982,8.666666666666666,12.422857142857143
2020,8,Monza,PER,Racing Point,10.0,4,4,0,8.0,12.0,10.0,0,0,0,0,0,0,1,0,Mercedes,5.793,53,2,11,2,3,1,2,0,3,22.0,30,3.179,28.1,41.201398601398594,40.0,False,1.4,990.6,7.0,4.0,2,0.0,0,6.0,MEX,33.0,8.0,15.0,0.06666666222222252,0.06453851697090478,1600000.6333332167,7.333333333333333,6.8
2020,8,Monza,RAI,Sauber,13.0,14,14,0,18.0,18.0,17.0,0,0,0,0,0,0,1,0,Ferrari,5.793,53,2,11,2,3,1,2,0,3,22.0,41,3.938,28.1,41.201398601398594,40.0,False,1.4,990.6,15.0,6.0,1,0.0,0,8.0,FIN,0.0,17.0,0.0,1.0,0.6931471805599453,0.8571428571428571,13.666666666666666,15.944285714285714
2020,8,Monza,RIC,Renault,6.0,7,7,0,9.0,3.0,4.0,0,0,0,0,0,0,1,0,Renault,5.793,53,2,11,2,3,1,2,0,3,22.0,31,3.0,28.1,41.201398601398594,40.0,False,1.4,990.6,4.0,20.0,2,0.0,1,6.0,AUS,32.0,9.0,4.0,1.999999500000125,1.0986121220014708,1142857.6714285275,9.666666666666666,13.117142857142856
2020,8,Monza,RUS,Williams,14.0,19,19,0,,20.0,18.0,0,0,0,1,0,0,1,0,Mercedes,5.793,53,2,11,2,3,1,2,0,3,22.0,22,3.598,28.1,41.201398601398594,40.0,False,1.4,990.6,14.0,0.75,1,0.0,0,8.0,GBR,0.0,17.0,0.0,1.0,0.6931471805599453,1.0,26.290000000000003,21.58142857142857
2020,8,Monza,SAI,McLaren,2.0,3,3,0,10.0,7.0,2.0,0,0,0,0,0,0,1,0,Renault,5.793,53,2,11,2,3,1,2,0,3,22.0,26,3.539,28.1,41.201398601398594,40.0,False,1.4,990.6,48.3,4.5,2,0.0,0,9.0,ESP,14.0,13.0,12.0,1.4999998750000105,0.9162906818741581,285714.4095238003,37.666666666666664,21.285714285714285
2020,8,Monza,STR,Racing Point,3.0,8,8,0,13.0,9.0,9.0,0,0,0,0,0,0,1,0,Mercedes,5.793,53,2,11,2,3,1,2,0,3,22.0,22,3.179,28.1,41.201398601398594,40.0,False,1.4,990.6,12.0,1.5,2,0.0,0,,CAN,42.0,7.0,1.0,14.999985000015002,2.7725877847402796,285715.3261900806,6.333333333333333,11.507142857142856
2020,8,Monza,VER,Red Bull Racing,33.02,5,5,0,5.0,6.0,6.0,0,1,0,0,0,0,0,0,Honda,5.793,53,2,11,2,3,1,2,0,3,22.0,23,2.429,28.1,41.201398601398594,40.0,False,1.4,990.6,8.0,16.0,3,0.0,0,,NED,109.0,2.0,0.0,1.0,0.6931471805599453,2.4892852830655685,2.0,8.335714285714285
2020,8,Monza,VET,Ferrari,46.6,17,17,0,17.0,15.0,15.0,0,1,0,0,0,0,0,0,Ferrari,5.793,53,2,11,2,3,1,2,0,3,22.0,33,3.545,28.1,41.201398601398594,40.0,False,1.4,990.6,13.0,35.0,3,0.0,1,6.0,GER,16.0,12.0,0.0,1.0,0.6931471805599453,2000000.303174602,10.666666666666666,15.368571428571428
2020,9,Mugello,ALB,Red Bull Racing,3.0,4,4,0,9.0,4.0,8.0,0,0,0,0,0,0,1,0,Honda,5.245,59,1,15,3,3,3,2,0,3,21.0,24,2.429,30.2,43.10227272727273,40.0,False,2.4,993.6,,2.0,3,0.0,0,7.0,THA,48.0,6.0,0.0,15000000.0,16.52356082573315,0.5916666466111123,9.666666666666666,9.01625
2020,9,Mugello,BOT,Mercedes,2.0,2,2,0,1.0,1.0,1.0,0,0,0,0,0,0,1,0,Mercedes,5.245,59,1,15,3,3,3,2,0,3,21.0,31,3.273,30.2,43.10227272727273,40.0,False,2.4,993.6,,9.0,3,0.0,1,7.0,FIN,116.0,2.0,25.0,0.7199999712000011,0.5423242740811761,0.902916591256027,3.3333333333333335,3.75
2020,9,Mugello,GAS,Racing Bulls,50.0,16,16,0,5.0,8.0,5.0,0,0,1,0,0,0,0,0,Honda,5.245,59,1,15,3,3,3,2,0,3,21.0,24,2.982,30.2,43.10227272727273,40.0,False,2.4,993.6,,1.0,2,0.0,0,6.0,FRA,43.0,8.0,6.0,0.0,0.0,2250001.6874992186,6.0,12.69625
2020,9,Mugello,GIO,Sauber,47.46,17,17,0,14.0,17.0,13.0,0,0,1,0,0,0,0,0,Ferrari,5.245,59,1,15,3,3,3,2,0,3,21.0,27,3.938,30.2,43.10227272727273,40.0,False,2.4,993.6,,0.5,1,0.0,0,7.0,ITA,2.0,15.0,2.0,0.0,0.0,250000.875,25.290000000000003,18.35875
2020,9,Mugello,GRO,Haas F1 Team,12.0,15,15,0,12.0,20.0,10.0,0,0,0,0,0,0,1,0,Ferrari,5.245,59,1,15,3,3,3,2,0,3,21.0,34,3.966,30.2,43.10227272727273,40.0,False,2.4,993.6,,2.0,1,0.0,0,7.0,FRA,0.0,17.0,0.0,1.0,0.6931471805599453,0.875,15.333333333333334,16.65
2020,9,Mugello,HAM,Mercedes,1.0,1,1,0,4.0,2.0,3.0,0,0,0,0,0,0,1,1,Mercedes,5.245,59,1,15,3,3,3,2,0,3,21.0,35,3.273,30.2,43.10227272727273,40.0,False,2.4,993.6,,47.0,3,0.0,1,10.0,GBR,161.0,1.0,18.0,1.3888888117283993,0.8708283254976574,3125001.048888822,3.0,2.25
2020,9,Mugello,KVY,Racing Bulls,7.0,12,12,0,7.0,15.0,9.0,0,0,0,0,0,0,1,0,Honda,5.245,59,1,15,3,3,3,2,0,3,21.0,26,2.982,30.2,43.10227272727273,40.0,False,2.4,993.6,,0.75,2,0.0,0,7.0,RUS,4.0,14.0,0.0,6000000.0,15.607270193858982,250000.1349999996,10.666666666666666,16.11
2020,9,Mugello,LAT,Williams,46.95,19,19,0,20.0,18.0,16.0,0,0,1,0,0,0,0,0,Mercedes,5.245,59,1,15,3,3,3,2,0,3,21.0,25,3.598,30.2,43.10227272727273,40.0,False,2.4,993.6,,0.75,1,0.0,0,6.0,CAN,0.0,17.0,0.0,1.0,0.6931471805599453,1.0,15.0,15.75
2020,9,Mugello,LEC,Ferrari,8.0,5,5,0,3.0,10.0,7.0,0,0,0,0,0,0,1,0,Ferrari,5.245,59,1,15,3,3,3,2,0,3,21.0,23,3.545,30.2,43.10227272727273,40.0,False,2.4,993.6,,9.0,3,0.0,1,8.0,MON,45.0,7.0,1.0,3.9999960000040002,1.6094371124345805,1500004.499995875,27.05333333333333,18.68375
2020,9,Mugello,MAG,Haas F1 Team,47.46,20,20,0,17.0,19.0,15.0,0,0,1,0,0,0,0,0,Ferrari,5.245,59,1,15,3,3,3,2,0,3,21.0,28,3.966,30.2,43.10227272727273,40.0,False,2.4,993.6,,2.0,1,0.0,0,7.0,DEN,1.0,16.0,0.0,1.0,0.6931471805599453,125000.875,24.126666666666665,26.13
2020,9,Mugello,NOR,McLaren,6.0,11,11,0,8.0,14.0,19.0,0,0,0,0,0,0,1,0,Renault,5.245,59,1,15,3,3,3,2,0,3,21.0,21,3.539,30.2,43.10227272727273,40.0,False,2.4,993.6,,1.5,2,0.0,0,6.0,GBR,56.0,5.0,0.0,8000000.0,15.894952224644102,2375000.8958329973,7.0,7.0
2020,9,Mugello,OCO,Renault,46.44,10,10,0,6.0,6.0,11.0,0,1,0,0,0,0,0,0,Renault,5.245,59,1,15,3,3,3,2,0,3,21.0,24,3.0,30.2,43.10227272727273,40.0,False,2.4,993.6,,4.0,2,0.0,1,7.0,FRA,30.0,12.0,12.0,0.0,0.0,1000000.3749999766,8.666666666666666,11.870000000000001
2020,9,Mugello,PER,Racing Point,5.0,7,6,0,19.0,7.0,6.0,0,0,0,0,0,0,1,0,Mercedes,5.245,59,1,15,3,3,3,2,0,3,21.0,30,3.179,30.2,43.10227272727273,40.0,False,2.4,993.6,,4.0,2,0.0,0,6.0,MEX,34.0,10.0,0.0,10000000.0,16.118095750958314,1333333.8722221244,8.333333333333334,7.333333333333333
2020,9,Mugello,RAI,Sauber,9.0,13,13,0,11.0,9.0,14.0,0,0,0,0,0,0,1,0,Ferrari,5.245,59,1,15,3,3,3,2,0,3,21.0,41,3.938,30.2,43.10227272727273,40.0,False,2.4,993.6,,6.0,1,0.0,0,8.0,FIN,0.0,17.0,0.0,2000000.0,14.508658238524095,0.875,13.0,15.57625
2020,9,Mugello,RIC,Renault,4.0,8,8,0,10.0,5.0,17.0,0,0,0,0,0,0,1,0,Renault,5.245,59,1,15,3,3,3,2,0,3,21.0,31,3.0,30.2,43.10227272727273,40.0,False,2.4,993.6,,20.0,2,0.0,1,6.0,AUS,40.0,9.0,0.0,12000000.0,16.300417291085605,1000000.7124998991,7.0,12.2275
2020,9,Mugello,RUS,Williams,11.0,18,18,0,16.0,16.0,,0,0,0,0,0,1,1,0,Mercedes,5.245,59,1,15,3,3,3,2,0,3,21.0,22,3.598,30.2,43.10227272727273,40.0,False,2.4,993.6,,0.75,1,0.0,0,8.0,GBR,0.0,17.0,0.0,1.0,0.6931471805599453,1.0,24.956666666666667,20.63375
2020,9,Mugello,SAI,McLaren,47.46,9,9,0,15.0,13.0,12.0,0,0,1,0,0,0,0,0,Renault,5.245,59,1,15,3,3,3,2,0,3,21.0,26,3.539,30.2,43.10227272727273,40.0,False,2.4,993.6,,4.5,2,0.0,0,9.0,ESP,32.0,11.0,8.0,0.0,0.0,250000.29583330965,34.0,18.875
2020,9,Mugello,STR,Racing Point,28.64,6,7,0,18.0,11.0,4.0,0,0,1,0,0,0,0,0,Mercedes,5.245,59,1,15,3,3,3,2,0,3,21.0,22,3.179,30.2,43.10227272727273,40.0,False,2.4,993.6,,1.5,2,0.0,0,,CAN,57.0,4.0,10.0,0.0,0.0,250002.7854144455,5.333333333333333,10.44375
2020,9,Mugello,VER,Red Bull Racing,50.0,3,3,0,2.0,3.0,2.0,0,0,1,0,0,0,0,0,Honda,5.245,59,1,15,3,3,3,2,0,3,21.0,23,2.429,30.2,43.10227272727273,40.0,False,2.4,993.6,,16.0,3,0.0,0,,NED,109.0,3.0,15.0,0.0,0.0,2.3031246226823723,12.673333333333334,11.42125
2020,9,Mugello,VET,Ferrari,10.0,14,14,0,13.0,12.0,18.0,0,0,0,0,0,0,1,0,Ferrari,5.245,59,1,15,3,3,3,2,0,3,21.0,33,3.545,30.2,43.10227272727273,40.0,False,2.4,993.6,,35.0,3,0.0,1,6.0,GER,16.0,13.0,4.0,0.24999993750001562,0.223143501314221,1750000.3902777769,22.2,19.2725
2020,10,Sochi,ALB,Red Bull Racing,10.0,15,10,0,8.0,12.0,8.0,0,0,0,0,0,0,1,0,Honda,5.848,53,2,18,2,2,2,2,0,2,20.0,24,2.429,28.55,40.34242424242424,52.0,False,1.4,1012.9,5.0,2.0,3,0.0,0,7.0,THA,63.0,5.0,18.0,0.055555552469135974,0.054067218346299316,1666667.1925925747,8.0,8.347777777777777
2020,10,Sochi,BOT,Mercedes,1.0,3,3,0,1.0,1.0,2.0,0,0,0,0,0,0,1,1,Mercedes,5.848,53,2,18,2,2,2,2,0,2,20.0,31,3.273,28.55,40.34242424242424,52.0,False,1.4,1012.9,2.0,9.0,3,0.0,1,7.0,FIN,134.0,2.0,15.0,1.666666555555563,0.9808292113450615,0.882592522360913,3.0,3.5555555555555554
2020,10,Sochi,GAS,Racing Bulls,9.0,9,9,0,10.0,11.0,12.0,0,0,0,0,0,0,1,0,Honda,5.848,53,2,18,2,2,2,2,0,2,20.0,24,2.982,28.55,40.34242424242424,52.0,False,1.4,1012.9,14.0,1.0,2,0.0,0,6.0,FRA,43.0,10.0,4.0,0.49999987500003124,0.4054650247748484,2000001.4999993055,19.666666666666668,16.84111111111111
2020,10,Sochi,GIO,Sauber,11.0,17,17,0,14.0,19.0,18.0,0,0,0,0,0,0,1,0,Ferrari,5.848,53,2,18,2,2,2,2,0,2,20.0,27,3.938,28.55,40.34242424242424,52.0,False,1.4,1012.9,15.0,0.5,1,0.0,0,7.0,ITA,2.0,15.0,0.0,1.0,0.6931471805599453,222223.0,35.776666666666664,21.59222222222222
2020,10,Sochi,GRO,Haas F1 Team,17.0,16,16,0,18.0,20.0,15.0,0,0,0,0,0,0,1,0,Ferrari,5.848,53,2,18,2,2,2,2,0,2,20.0,34,3.966,28.55,40.34242424242424,52.0,False,1.4,1012.9,50.0,2.0,1,0.0,0,7.0,FRA,0.0,18.0,0.0,1.0,0.6931471805599453,0.8888888888888888,13.0,16.133333333333333
2020,10,Sochi,HAM,Mercedes,3.0,1,1,0,19.0,2.0,1.0,0,0,0,0,0,0,1,0,Mercedes,5.848,53,2,18,2,2,2,2,0,2,20.0,35,3.273,28.55,40.34242424242424,52.0,False,1.4,1012.9,1.0,47.0,3,0.0,1,10.0,GBR,186.0,1.0,25.0,0.599999976000001,0.47000361424573606,2777778.8644443764,3.0,2.111111111111111
2020,10,Sochi,KVY,Racing Bulls,8.0,11,12,0,7.0,13.0,10.0,0,0,0,0,0,0,1,0,Honda,5.848,53,2,18,2,2,2,2,0,2,20.0,26,2.982,28.55,40.34242424242424,52.0,False,1.4,1012.9,12.0,0.75,2,0.0,0,7.0,RUS,10.0,14.0,2.0,1.9999990000005,1.0986119553348874,888889.0088888885,9.0,15.097777777777777
2020,10,Sochi,LAT,Williams,16.0,20,19,0,20.0,15.0,16.0,0,0,0,0,0,0,1,0,Mercedes,5.848,53,2,18,2,2,2,2,0,2,20.0,25,3.598,28.55,40.34242424242424,52.0,False,1.4,1012.9,,0.75,1,0.0,0,6.0,CAN,0.0,18.0,0.0,1.0,0.6931471805599453,1.0,24.650000000000002,19.216666666666665
2020,10,Sochi,LEC,Ferrari,6.0,10,11,0,11.0,8.0,13.0,0,0,0,0,0,0,1,0,Ferrari,5.848,53,2,18,2,2,2,2,0,2,20.0,23,3.545,28.55,40.34242424242424,52.0,False,1.4,1012.9,3.0,9.0,3,0.0,1,8.0,MON,49.0,8.0,0.0,8000000.0,15.894952224644102,1333337.7777736667,20.226666666666667,17.496666666666666
2020,10,Sochi,MAG,Haas F1 Team,12.0,18,18,0,16.0,18.0,17.0,0,0,0,0,0,0,1,0,Ferrari,5.848,53,2,18,2,2,2,2,0,2,20.0,28,3.966,28.55,40.34242424242424,52.0,False,1.4,1012.9,9.0,2.0,1,0.0,0,7.0,DEN,1.0,17.0,0.0,1.0,0.6931471805599453,111112.0,34.946666666666665,28.5
2020,10,Sochi,NOR,McLaren,15.0,8,8,0,13.0,5.0,20.0,0,0,0,0,0,0,1,0,Renault,5.848,53,2,18,2,2,2,2,0,2,20.0,21,3.539,28.55,40.34242424242424,52.0,False,1.4,1012.9,8.0,1.5,2,0.0,0,6.0,GBR,64.0,4.0,0.0,1.0,0.6931471805599453,3000000.7962959977,5.666666666666667,6.888888888888889
2020,10,Sochi,OCO,Renault,7.0,7,7,0,6.0,9.0,4.0,0,0,0,0,0,0,1,0,Renault,5.848,53,2,18,2,2,2,2,0,2,20.0,24,3.0,28.55,40.34242424242424,52.0,False,1.4,1012.9,,4.0,2,0.0,1,7.0,FRA,30.0,12.0,10.0,0.599999940000006,0.4700035917457386,888889.2222222014,19.813333333333333,15.711111111111112
2020,10,Sochi,PER,Racing Point,4.0,4,4,0,4.0,6.0,5.0,0,0,0,0,0,0,1,0,Mercedes,5.848,53,2,18,2,2,2,2,0,2,20.0,30,3.179,28.55,40.34242424242424,52.0,False,1.4,1012.9,7.0,4.0,2,0.0,0,6.0,MEX,44.0,9.0,0.0,12000000.0,16.300417291085605,2571429.0333332494,8.333333333333334,7.0
2020,10,Sochi,RAI,Sauber,14.0,19,20,0,15.0,14.0,19.0,0,0,0,0,0,0,1,0,Ferrari,5.848,53,2,18,2,2,2,2,0,2,20.0,41,3.938,28.55,40.34242424242424,52.0,False,1.4,1012.9,13.0,6.0,1,0.0,0,8.0,FIN,2.0,15.0,0.0,1.0,0.6931471805599453,222223.0,11.333333333333334,14.845555555555556
2020,10,Sochi,RIC,Renault,5.0,5,5,0,2.0,3.0,11.0,0,0,0,0,0,0,1,0,Renault,5.848,53,2,18,2,2,2,2,0,2,20.0,31,3.0,28.55,40.34242424242424,52.0,False,1.4,1012.9,30.94,20.0,2,0.0,1,6.0,AUS,52.0,7.0,6.0,1.666666388888935,0.9808291488450714,2222222.8555554654,4.666666666666667,11.313333333333333
2020,10,Sochi,RUS,Williams,18.0,13,14,0,17.0,16.0,14.0,0,0,0,0,0,0,1,0,Mercedes,5.848,53,2,18,2,2,2,2,0,2,20.0,22,3.598,28.55,40.34242424242424,52.0,False,1.4,1012.9,29.81,0.75,1,0.0,0,8.0,GBR,0.0,18.0,0.0,1.0,0.6931471805599453,1.0,22.956666666666667,19.563333333333333
2020,10,Sochi,SAI,McLaren,50.0,6,6,0,12.0,4.0,3.0,0,0,1,0,0,0,0,0,Renault,5.848,53,2,18,2,2,2,2,0,2,20.0,26,3.539,28.55,40.34242424242424,52.0,False,1.4,1012.9,6.0,4.5,2,0.0,0,9.0,ESP,32.0,11.0,0.0,1.0,0.6931471805599453,222222.48518516414,33.153333333333336,22.051111111111112
2020,10,Sochi,STR,Racing Point,50.0,12,13,0,5.0,17.0,9.0,0,0,1,0,0,0,0,0,Mercedes,5.848,53,2,18,2,2,2,2,0,2,20.0,22,3.179,28.55,40.34242424242424,52.0,False,1.4,1012.9,11.0,1.5,2,0.0,0,,CAN,57.0,6.0,12.0,0.0,0.0,222224.6981461738,13.546666666666667,12.465555555555556
2020,10,Sochi,VER,Red Bull Racing,2.0,2,2,0,3.0,7.0,6.0,0,0,0,0,0,0,1,0,Honda,5.848,53,2,18,2,2,2,2,0,2,20.0,23,2.429,28.55,40.34242424242424,52.0,False,1.4,1012.9,4.0,16.0,3,0.0,0,,NED,109.0,3.0,1.0,17.999982000018,2.944438031798518,2.0472218868287753,28.673333333333336,15.707777777777778
2020,10,Sochi,VET,Ferrari,13.0,14,15,0,9.0,10.0,7.0,0,0,0,0,0,0,1,0,Ferrari,5.848,53,2,18,2,2,2,2,0,2,20.0,33,3.545,28.55,40.34242424242424,52.0,False,1.4,1012.9,30.19,35.0,3,0.0,1,6.0,GER,17.0,13.0,8.0,0.0,0.0,1555555.9302469057,23.2,18.242222222222225
2020,11,Nürburgring,ALB,Red Bull Racing,38.5,5,5,0,,,9.0,0,1,0,1,1,0,0,0,Honda,5.148,60,2,15,1,2,2,2,0,2,20.0,24,2.429,9.5,16.360204081632652,59.3,True,1.6,947.4,,2.0,3,0.0,0,7.0,THA,64.0,4.0,18.0,0.0,0.0,1500000.4788888725,9.333333333333334,8.513
2020,11,Nürburgring,BOT,Mercedes,41.0,1,1,0,,,1.0,0,1,0,1,1,0,0,0,Mercedes,5.148,60,2,15,1,2,2,2,0,2,20.0,31,3.273,9.5,16.360204081632652,59.3,True,1.6,947.4,,9.0,3,0.0,1,7.0,FIN,159.0,2.0,25.0,0.0,0.0,0.9609999256803781,2.6666666666666665,3.3
2020,11,Nürburgring,GAS,Racing Bulls,6.0,12,12,0,,,10.0,0,0,0,1,1,0,1,0,Honda,5.148,60,2,15,1,2,2,2,0,2,20.0,24,2.982,9.5,16.360204081632652,59.3,True,1.6,947.4,,1.0,2,0.0,0,6.0,FRA,45.0,9.0,0.0,8000000.0,15.894952224644102,1800001.3999993626,20.0,16.057
2020,11,Nürburgring,GIO,Sauber,10.0,14,14,0,,,18.0,0,0,0,1,1,0,1,0,Ferrari,5.148,60,2,15,1,2,2,2,0,2,20.0,27,3.938,9.5,16.360204081632652,59.3,True,1.6,947.4,,0.5,1,0.0,0,7.0,ITA,2.0,15.0,0.0,1000000.0,13.815511557963774,200000.8,24.820000000000004,20.532999999999998
2020,11,Nürburgring,GRO,Haas F1 Team,9.0,16,16,0,,,15.0,0,0,0,1,1,0,1,0,Ferrari,5.148,60,2,15,1,2,2,2,0,2,20.0,34,3.966,9.5,16.360204081632652,59.3,True,1.6,947.4,,2.0,1,0.0,0,7.0,FRA,0.0,18.0,0.0,2000000.0,14.508658238524095,0.9,13.666666666666666,16.22
2020,11,Nürburgring,HAM,Mercedes,1.0,2,2,0,,,2.0,0,0,0,1,1,0,1,0,Mercedes,5.148,60,2,15,1,2,2,2,0,2,20.0,35,3.273,9.5,16.360204081632652,59.3,True,1.6,947.4,,47.0,3,0.0,1,10.0,GBR,201.0,1.0,0.0,25000000.0,17.034386422832473,2500001.0379999364,3.6666666666666665,2.2
2020,11,Nürburgring,HUL,Racing Point,8.0,20,20,0,,,,0,0,0,1,1,1,1,0,Mercedes,5.148,60,2,15,1,2,2,2,0,2,20.0,33,3.179,9.5,16.360204081632652,59.3,True,1.6,947.4,,,2,0.0,0,6.0,GER,6.0,14.0,12.0,0.3333333055555579,0.2876820516184491,0.3749999531250059,28.5,28.5
2020,11,Nürburgring,KVY,Racing Bulls,15.0,13,13,0,,,12.0,0,0,0,1,1,0,1,0,Honda,5.148,60,2,15,1,2,2,2,0,2,20.0,26,2.982,9.5,16.360204081632652,59.3,True,1.6,947.4,,0.75,2,0.0,0,7.0,RUS,14.0,13.0,8.0,0.0,0.0,800000.3079998996,8.0,14.388
2020,11,Nürburgring,LAT,Williams,14.0,18,18,0,,,19.0,0,0,0,1,1,0,1,0,Mercedes,5.148,60,2,15,1,2,2,2,0,2,20.0,25,3.598,9.5,16.360204081632652,59.3,True,1.6,947.4,,0.75,1,0.0,0,6.0,CAN,0.0,18.0,0.0,1.0,0.6931471805599453,1.0,24.650000000000002,18.895
2020,11,Nürburgring,LEC,Ferrari,7.0,4,4,0,,,3.0,0,0,0,1,1,0,1,0,Ferrari,5.148,60,2,15,1,2,2,2,0,2,20.0,23,3.545,9.5,16.360204081632652,59.3,True,1.6,947.4,,9.0,3,0.0,1,8.0,MON,57.0,7.0,0.0,6000000.0,15.607270193858982,2000003.9999963,17.56,16.347
2020,11,Nürburgring,MAG,Haas F1 Team,13.0,15,15,0,,,16.0,0,0,0,1,1,0,1,0,Ferrari,5.148,60,2,15,1,2,2,2,0,2,20.0,28,3.966,9.5,16.360204081632652,59.3,True,1.6,947.4,,2.0,1,0.0,0,7.0,DEN,1.0,17.0,2.0,0.0,0.0,100000.9,33.28,26.85
2020,11,Nürburgring,NOR,McLaren,26.0,8,8,0,,,6.0,0,1,0,1,1,0,0,0,Renault,5.148,60,2,15,1,2,2,2,0,2,20.0,21,3.539,9.5,16.360204081632652,59.3,True,1.6,947.4,,1.5,2,0.0,0,6.0,GBR,64.0,4.0,10.0,0.0,0.0,2700000.8166663977,8.333333333333334,7.7
2020,11,Nürburgring,OCO,Renault,39.0,7,7,0,,,11.0,0,1,0,1,1,0,0,0,Renault,5.148,60,2,15,1,2,2,2,0,2,20.0,24,3.0,9.5,16.360204081632652,59.3,True,1.6,947.4,,4.0,2,0.0,1,7.0,FRA,36.0,10.0,15.0,0.0,0.0,800000.3599999753,20.48,14.84
2020,11,Nürburgring,PER,Racing Point,4.0,9,9,0,,,7.0,0,0,0,1,1,0,1,0,Mercedes,5.148,60,2,15,1,2,2,2,0,2,20.0,30,3.179,9.5,16.360204081632652,59.3,True,1.6,947.4,,4.0,2,0.0,0,6.0,MEX,56.0,8.0,4.0,2.9999992500001875,1.38629417361992,3750000.404166593,6.333333333333333,6.625
2020,11,Nürburgring,RAI,Sauber,12.0,19,19,0,,,14.0,0,0,0,1,1,0,1,0,Ferrari,5.148,60,2,15,1,2,2,2,0,2,20.0,41,3.938,9.5,16.360204081632652,59.3,True,1.6,947.4,,6.0,1,0.0,0,8.0,FIN,2.0,15.0,1.0,0.0,0.0,200000.8,12.0,14.761000000000001
2020,11,Nürburgring,RIC,Renault,3.0,6,6,0,,,8.0,0,0,0,1,1,0,1,0,Renault,5.148,60,2,15,1,2,2,2,0,2,20.0,31,3.0,9.5,16.360204081632652,59.3,True,1.6,947.4,,20.0,2,0.0,1,6.0,AUS,62.0,6.0,0.0,15000000.0,16.52356082573315,2000000.7366665583,5.0,10.681999999999999
2020,11,Nürburgring,RUS,Williams,44.0,17,17,0,,,17.0,0,1,0,1,1,0,0,0,Mercedes,5.148,60,2,15,1,2,2,2,0,2,20.0,22,3.598,9.5,16.360204081632652,59.3,True,1.6,947.4,,0.75,1,0.0,0,8.0,GBR,0.0,18.0,0.0,1.0,0.6931471805599453,1.0,14.333333333333334,19.407
2020,11,Nürburgring,SAI,McLaren,5.0,10,10,0,,,13.0,0,0,0,1,1,0,1,0,Renault,5.148,60,2,15,1,2,2,2,0,2,20.0,26,3.539,9.5,16.360204081632652,59.3,True,1.6,947.4,,4.5,2,0.0,0,9.0,ESP,32.0,11.0,0.0,10000000.0,16.118095750958314,200000.33666664772,33.153333333333336,24.846
2020,11,Nürburgring,VER,Red Bull Racing,2.0,3,3,0,,,4.0,0,0,0,1,1,0,1,1,Honda,5.148,60,2,15,1,2,2,2,0,2,20.0,23,2.429,9.5,16.360204081632652,59.3,True,1.6,947.4,,16.0,3,0.0,0,,NED,127.0,3.0,0.0,18000000.0,16.705882371415992,3.642497898147698,28.340000000000003,14.337
2020,11,Nürburgring,VET,Ferrari,11.0,11,11,0,,,5.0,0,0,0,1,1,0,1,0,Ferrari,5.148,60,2,15,1,2,2,2,0,2,20.0,33,3.545,9.5,16.360204081632652,59.3,True,1.6,947.4,,35.0,3,0.0,1,6.0,GER,17.0,12.0,6.0,0.0,0.0,1400000.3372222153,23.2,17.718
2020,12,Portimão,ALB,Red Bull Racing,12.0,6,6,0,5.0,10.0,5.0,0,0,0,0,0,0,1,0,Honda,4.653,66,2,15,2,3,3,3,0,3,21.0,24,2.429,20.5,25.715625,67.5,False,3.9,1007.3,,2.0,3,0.0,0,7.0,THA,64.0,6.0,15.0,0.0,0.0,1363636.798989884,17.166666666666668,11.239090909090908
2020,12,Portimão,BOT,Mercedes,2.0,2,2,0,1.0,1.0,1.0,0,0,0,0,0,0,1,0,Mercedes,4.653,66,2,15,2,3,3,3,0,3,21.0,31,3.273,20.5,25.715625,67.5,False,3.9,1007.3,,9.0,3,0.0,1,7.0,FIN,159.0,2.0,25.0,0.7199999712000011,0.5423242740811761,0.8736362960730709,14.666666666666666,6.7272727272727275
2020,12,Portimão,GAS,Racing Bulls,5.0,9,9,0,11.0,7.0,4.0,0,0,0,0,0,0,1,0,Honda,4.653,66,2,15,2,3,3,3,0,3,21.0,24,2.982,20.5,25.715625,67.5,False,3.9,1007.3,,1.0,2,0.0,0,6.0,FRA,53.0,10.0,0.0,10000000.0,16.118095750958314,2363637.636363057,21.666666666666668,15.142727272727273
2020,12,Portimão,GIO,Sauber,15.0,17,17,0,16.0,18.0,18.0,0,0,0,0,0,0,1,0,Ferrari,4.653,66,2,15,2,3,3,3,0,3,21.0,27,3.938,20.5,25.715625,67.5,False,3.9,1007.3,,0.5,1,0.0,0,7.0,ITA,3.0,15.0,0.0,1.0,0.6931471805599453,272728.0,22.820000000000004,19.575454545454544
2020,12,Portimão,GRO,Haas F1 Team,17.0,18,18,0,17.0,20.0,17.0,0,0,0,0,0,0,1,0,Ferrari,4.653,66,2,15,2,3,3,3,0,3,21.0,34,3.966,20.5,25.715625,67.5,False,3.9,1007.3,,2.0,1,0.0,0,7.0,FRA,2.0,16.0,0.0,1.0,0.6931471805599453,181819.0,12.666666666666666,15.563636363636363
2020,12,Portimão,HAM,Mercedes,1.0,1,1,0,2.0,8.0,3.0,0,0,0,0,0,0,1,1,Mercedes,4.653,66,2,15,2,3,3,3,0,3,21.0,35,3.273,20.5,25.715625,67.5,False,3.9,1007.3,,47.0,3,0.0,1,10.0,GBR,226.0,1.0,18.0,1.3888888117283993,0.8708283254976574,4545455.4890908515,1.6666666666666667,2.090909090909091
2020,12,Portimão,KVY,Racing Bulls,19.0,13,13,0,13.0,13.0,12.0,0,0,0,0,0,0,1,0,Honda,4.653,66,2,15,2,3,3,3,0,3,21.0,26,2.982,20.5,25.715625,67.5,False,3.9,1007.3,,0.75,2,0.0,0,7.0,RUS,14.0,14.0,10.0,0.0,0.0,727273.007272636,10.0,14.443636363636363
2020,12,Portimão,LAT,Williams,18.0,20,20,0,20.0,15.0,20.0,0,0,0,0,0,0,1,0,Mercedes,4.653,66,2,15,2,3,3,3,0,3,21.0,25,3.598,20.5,25.715625,67.5,False,3.9,1007.3,,0.75,1,0.0,0,6.0,CAN,0.0,19.0,0.0,1.0,0.6931471805599453,1.0,25.650000000000002,18.45
2020,12,Portimão,LEC,Ferrari,4.0,4,4,0,4.0,4.0,6.0,0,0,0,0,0,0,1,0,Ferrari,4.653,66,2,15,2,3,3,3,0,3,21.0,23,3.545,20.5,25.715625,67.5,False,3.9,1007.3,,9.0,3,0.0,1,8.0,MON,63.0,8.0,1.0,11.999988000012001,2.5649484343851108,2363639.9999966365,7.0,15.497272727272728
2020,12,Portimão,MAG,Haas F1 Team,16.0,19,19,0,15.0,19.0,19.0,0,0,0,0,0,0,1,0,Ferrari,4.653,66,2,15,2,3,3,3,0,3,21.0,28,3.966,20.5,25.715625,67.5,False,3.9,1007.3,,2.0,1,0.0,0,7.0,DEN,1.0,18.0,0.0,1.0,0.6931471805599453,90909.90909090909,24.153333333333336,25.59090909090909
2020,12,Portimão,NOR,McLaren,13.0,8,8,0,12.0,3.0,9.0,0,0,0,0,0,0,1,0,Renault,4.653,66,2,15,2,3,3,3,0,3,21.0,21,3.539,20.5,25.715625,67.5,False,3.9,1007.3,,1.5,2,0.0,0,6.0,GBR,64.0,6.0,8.0,0.0,0.0,2454546.196969453,15.666666666666666,9.363636363636363
2020,12,Portimão,OCO,Renault,8.0,11,11,0,18.0,9.0,10.0,0,0,0,0,0,0,1,0,Renault,4.653,66,2,15,2,3,3,3,0,3,21.0,24,3.0,20.5,25.715625,67.5,False,3.9,1007.3,,4.0,2,0.0,1,7.0,FRA,36.0,12.0,2.0,1.9999990000005,1.0986119553348874,727273.0545454321,30.813333333333333,17.036363636363635
2020,12,Portimão,PER,Racing Point,7.0,5,5,0,7.0,12.0,8.0,0,0,0,0,0,0,1,0,Mercedes,4.653,66,2,15,2,3,3,3,0,3,21.0,30,3.179,20.5,25.715625,67.5,False,3.9,1007.3,,4.0,2,0.0,0,6.0,MEX,68.0,5.0,0.0,6000000.0,15.607270193858982,3333334.0259257774,4.333333333333333,6.333333333333333
2020,12,Portimão,RAI,Sauber,11.0,16,16,0,8.0,16.0,13.0,0,0,0,0,0,0,1,0,Ferrari,4.653,66,2,15,2,3,3,3,0,3,21.0,41,3.938,20.5,25.715625,67.5,False,3.9,1007.3,,6.0,1,0.0,0,8.0,FIN,2.0,16.0,0.0,1.0,0.6931471805599453,181818.9090909091,11.666666666666666,14.510000000000002
2020,12,Portimão,RIC,Renault,9.0,10,10,0,10.0,14.0,14.0,0,0,0,0,0,0,1,0,Renault,4.653,66,2,15,2,3,3,3,0,3,21.0,31,3.0,20.5,25.715625,67.5,False,3.9,1007.3,,20.0,2,0.0,1,6.0,AUS,77.0,4.0,4.0,0.49999987500003124,0.4054650247748484,3181818.851515053,4.0,9.983636363636363
2020,12,Portimão,RUS,Williams,14.0,14,14,0,19.0,11.0,15.0,0,0,0,0,0,0,1,0,Mercedes,4.653,66,2,15,2,3,3,3,0,3,21.0,22,3.598,20.5,25.715625,67.5,False,3.9,1007.3,,0.75,1,0.0,0,8.0,GBR,0.0,19.0,0.0,1.0,0.6931471805599453,1.0,24.333333333333332,21.64272727272727
2020,12,Portimão,SAI,McLaren,6.0,7,7,0,6.0,5.0,7.0,0,0,0,0,0,0,1,0,Renault,4.653,66,2,15,2,3,3,3,0,3,21.0,26,3.539,20.5,25.715625,67.5,False,3.9,1007.3,,4.5,2,0.0,0,9.0,ESP,42.0,11.0,0.0,8000000.0,15.894952224644102,1090909.3969696797,34.153333333333336,23.041818181818183
2020,12,Portimão,STR,Racing Point,24.55,12,12,0,14.0,17.0,16.0,0,1,0,0,0,0,0,0,Mercedes,4.653,66,2,15,2,3,3,3,0,3,21.0,22,3.179,20.5,25.715625,67.5,False,3.9,1007.3,,1.5,2,0.0,0,,CAN,57.0,9.0,6.0,0.0,0.0,200002.2283315564,27.213333333333335,16.219
2020,12,Portimão,VER,Red Bull Racing,3.0,3,3,0,3.0,2.0,2.0,0,0,0,0,0,0,1,0,Honda,4.653,66,2,15,2,3,3,3,0,3,21.0,23,2.429,20.5,25.715625,67.5,False,3.9,1007.3,,16.0,3,0.0,0,,NED,145.0,3.0,0.0,15000000.0,16.52356082573315,1636366.9477253621,18.0,13.215454545454547
2020,12,Portimão,VET,Ferrari,10.0,15,15,0,9.0,6.0,11.0,0,0,0,0,0,0,1,0,Ferrari,4.653,66,2,15,2,3,3,3,0,3,21.0,33,3.545,20.5,25.715625,67.5,False,3.9,1007.3,,35.0,3,0.0,1,6.0,GER,17.0,13.0,12.0,0.08333332638888948,0.08004270126328053,1272727.579292923,11.333333333333334,17.10727272727273
2020,13,Imola,ALB,Red Bull Racing,15.0,6,6,0,10.0,,,0,0,0,0,1,1,1,0,Honda,4.909,63,2,19,3,2,3,2,0,2,20.0,24,2.429,18.2,23.2608,71.0,False,1.2,1018.0,,2.0,3,0.0,0,7.0,THA,64.0,7.0,0.0,1.0,0.6931471805599453,1250000.3990740604,20.166666666666668,11.3025
2020,13,Imola,BOT,Mercedes,2.0,1,1,0,3.0,,,0,0,0,0,1,1,1,0,Mercedes,4.909,63,2,19,3,2,3,2,0,2,20.0,31,3.273,18.2,23.2608,71.0,False,1.2,1018.0,,9.0,3,0.0,1,7.0,FIN,177.0,2.0,25.0,0.7199999712000011,0.5423242740811761,0.8608332690003152,14.666666666666666,6.333333333333333
2020,13,Imola,GAS,Racing Bulls,46.19,4,4,0,4.0,,,0,1,0,0,1,1,0,0,Honda,4.909,63,2,19,3,2,3,2,0,2,20.0,24,2.982,18.2,23.2608,71.0,False,1.2,1018.0,,1.0,2,0.0,0,6.0,FRA,63.0,9.0,12.0,0.0,0.0,3000001.166666135,6.666666666666667,14.2975
2020,13,Imola,GIO,Sauber,10.0,20,20,0,16.0,,,0,0,0,0,1,1,1,0,Ferrari,4.909,63,2,19,3,2,3,2,0,2,20.0,27,3.938,18.2,23.2608,71.0,False,1.2,1018.0,,0.5,1,0.0,0,7.0,ITA,3.0,15.0,2.0,0.499999750000125,0.40546494144156714,250000.75,12.0,19.194166666666664
2020,13,Imola,GRO,Haas F1 Team,14.0,16,16,0,15.0,,,0,0,0,0,1,1,1,0,Ferrari,4.909,63,2,19,3,2,3,2,0,2,20.0,34,3.966,18.2,23.2608,71.0,False,1.2,1018.0,,2.0,1,0.0,0,7.0,FRA,2.0,16.0,0.0,1.0,0.6931471805599453,166667.5,14.333333333333334,15.683333333333332
2020,13,Imola,HAM,Mercedes,1.0,2,2,0,1.0,,,0,0,0,0,1,1,1,1,Mercedes,4.909,63,2,19,3,2,3,2,0,2,20.0,35,3.273,18.2,23.2608,71.0,False,1.2,1018.0,,47.0,3,0.0,1,10.0,GBR,251.0,1.0,18.0,1.3888888117283993,0.8708283254976574,4166667.647407348,1.6666666666666667,2.0
2020,13,Imola,KVY,Racing Bulls,4.0,8,8,0,11.0,,,0,0,0,0,1,1,1,0,Honda,4.909,63,2,19,3,2,3,2,0,2,20.0,26,2.982,18.2,23.2608,71.0,False,1.2,1018.0,,0.75,2,0.0,0,7.0,RUS,14.0,14.0,0.0,12000000.0,16.300417291085605,666666.9233332496,14.0,14.823333333333332
2020,13,Imola,LAT,Williams,11.0,19,19,0,20.0,,,0,0,0,0,1,1,1,0,Mercedes,4.909,63,2,19,3,2,3,2,0,2,20.0,25,3.598,18.2,23.2608,71.0,False,1.2,1018.0,,0.75,1,0.0,0,6.0,CAN,0.0,19.0,0.0,1.0,0.6931471805599453,1.0,16.0,18.412499999999998
2020,13,Imola,LEC,Ferrari,5.0,7,7,0,5.0,,,0,0,0,0,1,1,1,0,Ferrari,4.909,63,2,19,3,2,3,2,0,2,20.0,23,3.545,18.2,23.2608,71.0,False,1.2,1018.0,,9.0,3,0.0,1,8.0,MON,75.0,5.0,0.0,10000000.0,16.118095750958314,2166670.9999959166,5.666666666666667,14.539166666666667
2020,13,Imola,MAG,Haas F1 Team,25.08,17,17,0,19.0,,,0,1,0,0,1,1,0,0,Ferrari,4.909,63,2,19,3,2,3,2,0,2,20.0,28,3.966,18.2,23.2608,71.0,False,1.2,1018.0,,2.0,1,0.0,0,7.0,DEN,1.0,18.0,0.0,1.0,0.6931471805599453,83334.16666666667,13.666666666666666,24.791666666666668
2020,13,Imola,NOR,McLaren,8.0,9,9,0,8.0,,,0,0,0,0,1,1,1,0,Renault,4.909,63,2,19,3,2,3,2,0,2,20.0,21,3.539,18.2,23.2608,71.0,False,1.2,1018.0,,1.5,2,0.0,0,6.0,GBR,64.0,7.0,6.0,0.6666665555555741,0.510825557099333,2250000.6805553315,18.0,9.666666666666666
2020,13,Imola,OCO,Renault,37.14,12,12,0,9.0,,,0,1,0,0,1,1,0,0,Renault,4.909,63,2,19,3,2,3,2,0,2,20.0,24,3.0,18.2,23.2608,71.0,False,1.2,1018.0,,4.0,2,0.0,1,7.0,FRA,40.0,12.0,15.0,0.0,0.0,666667.1333332293,18.0,16.283333333333335
2020,13,Imola,PER,Racing Point,6.0,11,11,0,13.0,,,0,0,0,0,1,1,1,0,Mercedes,4.909,63,2,19,3,2,3,2,0,2,20.0,30,3.179,18.2,23.2608,71.0,False,1.2,1018.0,,4.0,2,0.0,0,6.0,MEX,74.0,6.0,0.0,8000000.0,15.894952224644102,3600000.6233331994,5.0,6.4
2020,13,Imola,RAI,Sauber,9.0,18,18,0,17.0,,,0,0,0,0,1,1,1,0,Ferrari,4.909,63,2,19,3,2,3,2,0,2,20.0,41,3.938,18.2,23.2608,71.0,False,1.2,1018.0,,6.0,1,0.0,0,8.0,FIN,2.0,16.0,1.0,1.9999980000020001,1.0986116220018876,166667.41666666666,12.333333333333334,14.217500000000001
2020,13,Imola,RIC,Renault,3.0,5,5,0,7.0,,,0,0,0,0,1,1,1,0,Renault,4.909,63,2,19,3,2,3,2,0,2,20.0,31,3.0,18.2,23.2608,71.0,False,1.2,1018.0,,20.0,2,0.0,1,6.0,AUS,79.0,4.0,0.0,15000000.0,16.52356082573315,2916667.322222121,5.666666666666667,9.901666666666666
2020,13,Imola,RUS,Williams,23.81,13,13,0,18.0,,,0,0,1,0,1,1,0,0,Mercedes,4.909,63,2,19,3,2,3,2,0,2,20.0,22,3.598,18.2,23.2608,71.0,False,1.2,1018.0,,0.75,1,0.0,0,8.0,GBR,0.0,19.0,0.0,1.0,0.6931471805599453,1.0,25.333333333333332,21.00583333333333
2020,13,Imola,SAI,McLaren,7.0,10,10,0,6.0,,,0,0,0,0,1,1,1,0,Renault,4.909,63,2,19,3,2,3,2,0,2,20.0,26,3.539,18.2,23.2608,71.0,False,1.2,1018.0,,4.5,2,0.0,0,9.0,ESP,50.0,11.0,4.0,1.4999996250000938,0.9162905818741813,1666666.9472222065,20.333333333333332,21.621666666666666
2020,13,Imola,STR,Racing Point,13.0,15,15,0,12.0,,,0,0,0,0,1,1,1,0,Mercedes,4.909,63,2,19,3,2,3,2,0,2,20.0,22,3.179,18.2,23.2608,71.0,False,1.2,1018.0,,1.5,2,0.0,0,,CAN,57.0,10.0,8.0,0.0,0.0,181820.20757414217,34.39666666666667,16.976363636363637
2020,13,Imola,VER,Red Bull Racing,24.13,3,3,0,2.0,,,0,0,1,0,1,1,0,0,Honda,4.909,63,2,19,3,2,3,2,0,2,20.0,23,2.429,18.2,23.2608,71.0,False,1.2,1018.0,,16.0,3,0.0,0,,NED,160.0,3.0,0.0,1.0,0.6931471805599453,2750003.035414915,2.3333333333333335,12.364166666666668
2020,13,Imola,VET,Ferrari,12.0,14,14,0,14.0,,,0,0,0,0,1,1,1,0,Ferrari,4.909,63,2,19,3,2,3,2,0,2,20.0,33,3.545,18.2,23.2608,71.0,False,1.2,1018.0,,35.0,3,0.0,1,6.0,GER,18.0,13.0,10.0,0.0,0.0,1166666.954629623,11.333333333333334,16.515
2020,14,Istanbul,ALB,Red Bull Racing,7.0,4,4,0,2.0,5.0,3.0,0,0,0,0,0,0,1,0,Honda,5.338,58,1,14,2,2,2,2,0,3,17.0,24,2.429,13.2,15.205755395683456,79.3,True,1.0,1008.4,,2.0,3,0.0,0,7.0,THA,64.0,8.0,8.0,0.7499999062500118,0.5596157343639994,1153846.5991452865,21.833333333333332,11.586923076923076
2020,14,Istanbul,BOT,Mercedes,14.0,9,9,0,9.0,3.0,8.0,0,0,0,0,0,0,1,0,Mercedes,5.338,58,1,14,2,2,2,2,0,3,17.0,31,3.273,13.2,15.205755395683456,79.3,True,1.0,1008.4,,9.0,3,0.0,1,7.0,FIN,195.0,2.0,25.0,0.0,0.0,0.849999938400291,15.0,6.0
2020,14,Istanbul,GAS,Racing Bulls,13.0,19,15,0,4.0,7.0,,0,0,0,0,0,1,1,0,Honda,5.338,58,1,14,2,2,2,2,0,3,17.0,24,2.982,13.2,15.205755395683456,79.3,True,1.0,1008.4,,1.0,2,0.0,0,6.0,FRA,63.0,9.0,0.0,1.0,0.6931471805599453,2769231.8461533557,19.063333333333333,16.75076923076923
2020,14,Istanbul,GIO,Sauber,44.31,10,10,0,8.0,13.0,,0,1,0,0,0,1,0,0,Ferrari,5.338,58,1,14,2,2,2,2,0,3,17.0,27,3.938,13.2,15.205755395683456,79.3,True,1.0,1008.4,,0.5,1,0.0,0,7.0,ITA,4.0,15.0,0.0,1.0,0.6931471805599453,230769.9615384423,11.666666666666666,18.486923076923077
2020,14,Istanbul,GRO,Haas F1 Team,23.1,17,19,0,14.0,18.0,,0,1,0,0,0,1,0,0,Ferrari,5.338,58,1,14,2,2,2,2,0,3,17.0,34,3.966,13.2,15.205755395683456,79.3,True,1.0,1008.4,,2.0,1,0.0,0,7.0,FRA,2.0,17.0,0.0,1.0,0.6931471805599453,153847.0,13.333333333333334,15.553846153846154
2020,14,Istanbul,HAM,Mercedes,1.0,6,6,0,15.0,4.0,,0,0,0,0,0,1,1,0,Mercedes,5.338,58,1,14,2,2,2,2,0,3,17.0,35,3.273,13.2,15.205755395683456,79.3,True,1.0,1008.4,,47.0,3,0.0,1,10.0,GBR,276.0,1.0,0.0,25000000.0,17.034386422832473,3846154.8582905377,1.0,1.9230769230769231
2020,14,Istanbul,KVY,Racing Bulls,12.0,16,17,0,6.0,6.0,,0,0,0,0,0,1,1,0,Honda,5.338,58,1,14,2,2,2,2,0,3,17.0,26,2.982,13.2,15.205755395683456,79.3,True,1.0,1008.4,,0.75,2,0.0,0,7.0,RUS,26.0,13.0,0.0,1.0,0.6931471805599453,1538461.775384538,12.666666666666666,13.99076923076923
2020,14,Istanbul,LAT,Williams,29.83,0,20,0,11.0,20.0,,0,1,0,0,0,1,0,0,Mercedes,5.338,58,1,14,2,2,2,2,0,3,17.0,25,3.598,13.2,15.205755395683456,79.3,True,1.0,1008.4,,0.75,1,0.0,0,6.0,CAN,0.0,19.0,0.0,1.0,0.6931471805599453,1.0,14.333333333333334,17.842307692307692
2020,14,Istanbul,LEC,Ferrari,4.0,12,14,0,3.0,2.0,2.0,0,0,0,0,0,0,1,0,Ferrari,5.338,58,1,14,2,2,2,2,0,3,17.0,23,3.545,13.2,15.205755395683456,79.3,True,1.0,1008.4,,9.0,3,0.0,1,8.0,MON,85.0,5.0,15.0,0.7999999466666703,0.587786635272491,2769234.769227,5.333333333333333,13.805384615384614
2020,14,Istanbul,MAG,Haas F1 Team,21.03,13,16,0,,19.0,9.0,0,1,0,1,0,0,0,0,Ferrari,5.338,58,1,14,2,2,2,2,0,3,17.0,28,3.966,13.2,15.205755395683456,79.3,True,1.0,1008.4,,2.0,1,0.0,0,7.0,DEN,1.0,18.0,0.0,1.0,0.6931471805599453,76923.92307692308,18.026666666666667,24.813846153846153
2020,14,Istanbul,NOR,McLaren,8.0,14,11,0,7.0,8.0,5.0,0,0,0,0,0,0,1,1,Renault,5.338,58,1,14,2,2,2,2,0,3,17.0,21,3.539,13.2,15.205755395683456,79.3,True,1.0,1008.4,,1.5,2,0.0,0,6.0,GBR,68.0,7.0,10.0,0.39999996000000404,0.33647220804978684,2076923.7564100411,15.666666666666666,9.538461538461538
2020,14,Istanbul,OCO,Renault,11.0,7,7,0,10.0,12.0,4.0,0,0,0,0,0,0,1,0,Renault,5.338,58,1,14,2,2,2,2,0,3,17.0,24,3.0,13.2,15.205755395683456,79.3,True,1.0,1008.4,,4.0,2,0.0,1,7.0,FRA,40.0,12.0,1.0,0.0,0.0,615385.0461537502,28.046666666666667,17.88769230769231
2020,14,Istanbul,PER,Racing Point,2.0,3,3,0,12.0,11.0,7.0,0,0,0,0,0,0,1,0,Mercedes,5.338,58,1,14,2,2,2,2,0,3,17.0,30,3.179,13.2,15.205755395683456,79.3,True,1.0,1008.4,,4.0,2,0.0,0,6.0,MEX,82.0,6.0,2.0,8.99999550000225,2.3025846429941694,4000000.566666545,5.666666666666667,6.363636363636363
2020,14,Istanbul,RAI,Sauber,15.0,8,8,0,16.0,16.0,,0,0,0,0,0,1,1,0,Ferrari,5.338,58,1,14,2,2,2,2,0,3,17.0,41,3.938,13.2,15.205755395683456,79.3,True,1.0,1008.4,,6.0,1,0.0,0,8.0,FIN,4.0,15.0,0.0,1.0,0.6931471805599453,153846.99999984616,10.666666666666666,13.816153846153847
2020,14,Istanbul,RIC,Renault,10.0,5,5,0,,15.0,,0,0,0,1,0,1,1,0,Renault,5.338,58,1,14,2,2,2,2,0,3,17.0,31,3.0,13.2,15.205755395683456,79.3,True,1.0,1008.4,,20.0,2,0.0,1,6.0,AUS,94.0,4.0,0.0,1000000.0,13.815511557963774,3846154.451281958,5.0,9.37076923076923
2020,14,Istanbul,RUS,Williams,16.0,0,18,0,,17.0,,0,0,0,1,0,1,1,0,Mercedes,5.338,58,1,14,2,2,2,2,0,3,17.0,22,3.598,13.2,15.205755395683456,79.3,True,1.0,1008.4,,0.75,1,0.0,0,8.0,GBR,0.0,19.0,0.0,1.0,0.6931471805599453,1.0,27.27,21.22153846153846
2020,14,Istanbul,SAI,McLaren,5.0,15,13,0,,14.0,,0,0,0,1,0,1,1,0,Renault,5.338,58,1,14,2,2,2,2,0,3,17.0,26,3.539,13.2,15.205755395683456,79.3,True,1.0,1008.4,,4.5,2,0.0,0,9.0,ESP,56.0,11.0,4.0,2.499999375000156,1.2527627899239682,1538461.9128204694,6.0,20.496923076923075
2020,14,Istanbul,STR,Racing Point,9.0,1,1,0,13.0,10.0,,0,0,0,0,0,1,1,0,Mercedes,5.338,58,1,14,2,2,2,2,0,3,17.0,22,3.179,13.2,15.205755395683456,79.3,True,1.0,1008.4,,1.5,2,0.0,0,,CAN,57.0,10.0,18.0,0.11111110493827195,0.10536051010227104,166668.52360963033,29.183333333333334,16.645
2020,14,Istanbul,VER,Red Bull Racing,6.0,2,2,0,1.0,1.0,1.0,0,0,0,0,0,0,1,0,Honda,5.338,58,1,14,2,2,2,2,0,3,17.0,23,2.429,13.2,15.205755395683456,79.3,True,1.0,1008.4,,16.0,3,0.0,0,,NED,160.0,3.0,6.0,1.3333331111111482,0.8472977651491197,2538464.417306076,9.709999999999999,13.26923076923077
2020,14,Istanbul,VET,Ferrari,3.0,11,12,0,5.0,9.0,6.0,0,0,0,0,0,0,1,0,Ferrari,5.338,58,1,14,2,2,2,2,0,3,17.0,33,3.545,13.2,15.205755395683456,79.3,True,1.0,1008.4,,35.0,3,0.0,1,6.0,GER,18.0,14.0,12.0,1.249999895833342,0.8109301699200353,1076923.3427350367,11.0,16.16769230769231
2020,15,Sakhir,ALB,Red Bull Racing,3.0,4,4,0,7.0,10.0,4.0,0,0,0,0,0,0,1,0,Honda,5.412,57,3,15,3,2,2,3,0,2,20.0,24,2.429,20.8,23.469291338582668,58.4,False,1.9,1015.9,9.0,2.0,3,0.0,0,7.0,THA,70.0,8.0,18.0,0.8333332870370396,0.6061357783177913,1071429.0384920451,11.333333333333334,11.259285714285713
2020,15,Sakhir,BOT,Mercedes,8.0,2,2,0,2.0,3.0,3.0,0,0,0,0,0,0,1,0,Mercedes,5.412,57,3,15,3,2,2,3,0,2,20.0,31,3.273,20.8,23.469291338582668,58.4,False,1.9,1015.9,2.0,9.0,3,0.0,1,7.0,FIN,195.0,2.0,25.0,0.15999999360000025,0.1484199996010321,0.7892856570859844,6.0,6.571428571428571
2020,15,Sakhir,GAS,Racing Bulls,6.0,8,8,0,5.0,6.0,6.0,0,0,0,0,0,0,1,0,Honda,5.412,57,3,15,3,2,2,3,0,2,20.0,24,2.982,20.8,23.469291338582668,58.4,False,1.9,1015.9,8.0,1.0,2,0.0,0,6.0,FRA,63.0,10.0,0.0,8000000.0,15.894952224644102,2571429.6428566873,21.396666666666665,16.482857142857142
2020,15,Sakhir,GIO,Sauber,16.0,16,16,0,16.0,15.0,14.0,0,0,0,0,0,0,1,0,Ferrari,5.412,57,3,15,3,2,2,3,0,2,20.0,27,3.938,20.8,23.469291338582668,58.4,False,1.9,1015.9,11.0,0.5,1,0.0,0,7.0,ITA,4.0,15.0,0.0,1.0,0.6931471805599453,214286.46428569642,23.103333333333335,20.33142857142857
2020,15,Sakhir,GRO,Haas F1 Team,50.0,19,19,0,14.0,19.0,17.0,0,0,1,0,0,0,0,0,Ferrari,5.412,57,3,15,3,2,2,3,0,2,20.0,34,3.966,20.8,23.469291338582668,58.4,False,1.9,1015.9,31.58,2.0,1,0.0,0,7.0,FRA,2.0,17.0,0.0,1.0,0.6931471805599453,142858.0,18.033333333333335,16.092857142857145
2020,15,Sakhir,HAM,Mercedes,1.0,1,1,0,1.0,1.0,2.0,0,0,0,0,0,0,1,0,Mercedes,5.412,57,3,15,3,2,2,3,0,2,20.0,35,3.273,20.8,23.469291338582668,58.4,False,1.9,1015.9,1.0,47.0,3,0.0,1,10.0,GBR,301.0,1.0,4.0,6.24999843750039,1.9810012533493726,5357143.79698407,1.0,1.8571428571428572
2020,15,Sakhir,KVY,Racing Bulls,11.0,10,10,0,17.0,9.0,8.0,0,0,0,0,0,0,1,0,Honda,5.412,57,3,15,3,2,2,3,0,2,20.0,26,2.982,20.8,23.469291338582668,58.4,False,1.9,1015.9,12.0,0.75,2,0.0,0,7.0,RUS,26.0,14.0,8.0,0.0,0.0,1428571.7199999283,11.666666666666666,13.848571428571429
2020,15,Sakhir,LAT,Williams,14.0,20,20,0,19.0,18.0,20.0,0,0,0,0,0,0,1,0,Mercedes,5.412,57,3,15,3,2,2,3,0,2,20.0,25,3.598,20.8,23.469291338582668,58.4,False,1.9,1015.9,,0.75,1,0.0,0,6.0,CAN,0.0,19.0,0.0,1.0,0.6931471805599453,1.0,19.61,18.698571428571427
2020,15,Sakhir,LEC,Ferrari,10.0,12,12,0,11.0,14.0,15.0,0,0,0,0,0,0,1,0,Ferrari,5.412,57,3,15,3,2,2,3,0,2,20.0,23,3.545,20.8,23.469291338582668,58.4,False,1.9,1015.9,3.0,9.0,3,0.0,1,8.0,MON,97.0,5.0,0.0,1000000.0,13.815511557963774,2571432.342853639,4.333333333333333,13.105
2020,15,Sakhir,MAG,Haas F1 Team,17.0,18,18,0,15.0,16.0,18.0,0,0,0,0,0,0,1,0,Ferrari,5.412,57,3,15,3,2,2,3,0,2,20.0,28,3.966,20.8,23.469291338582668,58.4,False,1.9,1015.9,13.0,2.0,1,0.0,0,7.0,DEN,1.0,18.0,0.0,1.0,0.6931471805599453,71429.42857142857,20.703333333333333,24.54357142857143
2020,15,Sakhir,NOR,McLaren,4.0,9,9,0,18.0,7.0,7.0,0,0,0,0,0,0,1,0,Renault,5.412,57,3,15,3,2,2,3,0,2,20.0,21,3.539,20.8,23.469291338582668,58.4,False,1.9,1015.9,6.0,1.5,2,0.0,0,6.0,GBR,72.0,7.0,10.0,1.199999880000012,0.7884573058188196,1928572.0880950354,9.666666666666666,9.428571428571429
2020,15,Sakhir,OCO,Renault,9.0,7,7,0,8.0,11.0,12.0,0,0,0,0,0,0,1,0,Renault,5.412,57,3,15,3,2,2,3,0,2,20.0,24,3.0,20.8,23.469291338582668,58.4,False,1.9,1015.9,,4.0,2,0.0,1,7.0,FRA,40.0,12.0,6.0,0.33333327777778704,0.28768203078512034,571428.9714284823,18.713333333333335,17.395714285714284
2020,15,Sakhir,PER,Racing Point,18.0,5,5,0,3.0,4.0,10.0,0,0,0,0,0,0,1,0,Mercedes,5.412,57,3,15,3,2,2,3,0,2,20.0,30,3.179,20.8,23.469291338582668,58.4,False,1.9,1015.9,10.0,4.0,2,0.0,0,6.0,MEX,100.0,4.0,0.0,1.0,0.6931471805599453,3666667.9361106246,5.0,6.0
2020,15,Sakhir,RAI,Sauber,15.0,17,17,0,,17.0,19.0,0,0,0,1,0,0,1,0,Ferrari,5.412,57,3,15,3,2,2,3,0,2,20.0,41,3.938,20.8,23.469291338582668,58.4,False,1.9,1015.9,7.0,6.0,1,0.0,0,8.0,FIN,4.0,15.0,0.0,1.0,0.6931471805599453,142857.99999985713,11.666666666666666,13.900714285714287
2020,15,Sakhir,RIC,Renault,7.0,6,6,0,10.0,5.0,11.0,0,0,0,0,0,0,1,0,Renault,5.412,57,3,15,3,2,2,3,0,2,20.0,31,3.0,20.8,23.469291338582668,58.4,False,1.9,1015.9,21.4,20.0,2,0.0,1,6.0,AUS,95.0,6.0,2.0,2.99999850000075,1.3862939861200079,3642857.704761818,7.333333333333333,9.415714285714285
2020,15,Sakhir,RUS,Williams,12.0,14,14,0,,20.0,16.0,0,0,0,1,0,0,1,0,Mercedes,5.412,57,3,15,3,2,2,3,0,2,20.0,22,3.598,20.8,23.469291338582668,58.4,False,1.9,1015.9,15.0,0.75,1,0.0,0,8.0,GBR,0.0,19.0,0.0,1.0,0.6931471805599453,1.0,17.936666666666667,20.84857142857143
2020,15,Sakhir,SAI,McLaren,5.0,15,15,0,4.0,13.0,5.0,0,0,0,0,0,0,1,0,Renault,5.412,57,3,15,3,2,2,3,0,2,20.0,26,3.539,20.8,23.469291338582668,58.4,False,1.9,1015.9,21.4,4.5,2,0.0,0,9.0,ESP,66.0,9.0,12.0,0.8333332638888947,0.6061357656915302,1428571.95476182,6.0,19.389999999999997
2020,15,Sakhir,STR,Racing Point,19.0,13,13,0,9.0,8.0,9.0,0,0,0,0,0,0,1,0,Mercedes,5.412,57,3,15,3,2,2,3,0,2,20.0,22,3.179,20.8,23.469291338582668,58.4,False,1.9,1015.9,14.0,1.5,2,0.0,0,,CAN,59.0,11.0,0.0,1.0,0.6931471805599453,153847.87649435917,15.516666666666666,16.056923076923077
2020,15,Sakhir,VER,Red Bull Racing,2.0,3,3,0,6.0,2.0,1.0,0,0,0,0,0,0,1,1,Honda,5.412,57,3,15,3,2,2,3,0,2,20.0,23,2.429,20.8,23.469291338582668,58.4,False,1.9,1015.9,4.0,16.0,3,0.0,0,,NED,168.0,3.0,15.0,1.1999999200000053,0.7884573240006356,2357145.625593721,11.043333333333331,12.75
2020,15,Sakhir,VET,Ferrari,13.0,11,11,0,12.0,12.0,13.0,0,0,0,0,0,0,1,0,Ferrari,5.412,57,3,15,3,2,2,3,0,2,20.0,33,3.545,20.8,23.469291338582668,58.4,False,1.9,1015.9,5.0,35.0,3,0.0,1,6.0,GER,33.0,13.0,1.0,0.0,0.0,1000000.3361110982,8.333333333333334,15.227142857142857
2020,16,Sakhir,AIT,Williams,16.0,17,18,0,20.0,19.0,20.0,0,0,0,0,0,0,1,0,Mercedes,5.412,57,3,15,3,2,2,3,0,2,20.0,25,3.598,20.8,23.469291338582668,58.4,False,1.9,1015.9,,,1,0.0,0,,,0.0,,0.0,1.0,0.6931471805599453,1.0,12.602222222222222,14.461530728530729
2020,16,Sakhir,ALB,Red Bull Racing,6.0,12,12,0,3.0,6.0,6.0,0,0,0,0,0,0,1,0,Honda,5.412,57,3,15,3,2,2,3,0,2,20.0,24,2.429,20.8,23.469291338582668,58.4,False,1.9,1015.9,9.0,2.0,3,0.0,0,7.0,THA,85.0,6.0,0.0,8000000.0,15.894952224644102,1000000.4914814612,8.333333333333334,10.708666666666666
2020,16,Sakhir,BOT,Mercedes,8.0,1,1,0,4.0,1.0,2.0,0,0,0,0,0,0,1,0,Mercedes,5.412,57,3,15,3,2,2,3,0,2,20.0,31,3.273,20.8,23.469291338582668,58.4,False,1.9,1015.9,2.0,9.0,3,0.0,1,7.0,FIN,199.0,1.0,2.0,1.9999990000005,1.0986119553348874,0.7473332795202521,8.0,6.666666666666667
2020,16,Sakhir,FIT,Haas F1 Team,17.0,20,20,0,19.0,18.0,19.0,0,0,0,0,0,0,1,0,Ferrari,5.412,57,3,15,3,2,2,3,0,2,20.0,24,3.966,20.8,23.469291338582668,58.4,False,1.9,1015.9,,,1,0.0,0,5.0,BRA,0.0,,0.0,1.0,0.6931471805599453,1.0,12.602222222222222,14.461530728530729
2020,16,Sakhir,GAS,Racing Bulls,11.0,9,9,0,6.0,10.0,3.0,0,0,0,0,0,0,1,0,Honda,5.412,57,3,15,3,2,2,3,0,2,20.0,24,2.982,20.8,23.469291338582668,58.4,False,1.9,1015.9,8.0,1.0,2,0.0,0,6.0,FRA,71.0,9.0,6.0,0.0,0.0,2933334.3333329083,21.73,15.783999999999999
2020,16,Sakhir,GIO,Sauber,13.0,14,14,0,15.0,13.0,11.0,0,0,0,0,0,0,1,0,Ferrari,5.412,57,3,15,3,2,2,3,0,2,20.0,27,3.938,20.8,23.469291338582668,58.4,False,1.9,1015.9,11.0,0.5,1,0.0,0,7.0,ITA,4.0,14.0,0.0,1.0,0.6931471805599453,200000.76666665,23.436666666666667,20.042666666666666
2020,16,Sakhir,KVY,Racing Bulls,7.0,6,6,0,5.0,7.0,12.0,0,0,0,0,0,0,1,0,Honda,5.412,57,3,15,3,2,2,3,0,2,20.0,26,2.982,20.8,23.469291338582668,58.4,False,1.9,1015.9,12.0,0.75,2,0.0,0,7.0,RUS,26.0,13.0,0.0,6000000.0,15.607270193858982,1333333.6053332663,9.0,13.658666666666667
2020,16,Sakhir,LAT,Williams,28.05,16,17,0,18.0,15.0,18.0,0,1,0,0,0,0,0,0,Mercedes,5.412,57,3,15,3,2,2,3,0,2,20.0,25,3.598,20.8,23.469291338582668,58.4,False,1.9,1015.9,,0.75,1,0.0,0,6.0,CAN,0.0,17.0,0.0,1.0,0.6931471805599453,1.0,18.276666666666667,18.38533333333333
2020,16,Sakhir,LEC,Ferrari,50.0,4,4,0,10.0,,13.0,0,0,1,0,1,0,0,0,Ferrari,5.412,57,3,15,3,2,2,3,0,2,20.0,23,3.545,20.8,23.469291338582668,58.4,False,1.9,1015.9,3.0,9.0,3,0.0,1,8.0,MON,98.0,5.0,0.0,1.0,0.6931471805599453,2466670.186663396,6.333333333333333,12.898
2020,16,Sakhir,MAG,Haas F1 Team,15.0,15,16,0,17.0,14.0,17.0,0,0,0,0,0,0,1,0,Ferrari,5.412,57,3,15,3,2,2,3,0,2,20.0,28,3.966,20.8,23.469291338582668,58.4,False,1.9,1015.9,13.0,2.0,1,0.0,0,7.0,DEN,1.0,16.0,0.0,1.0,0.6931471805599453,66667.53333333334,21.036666666666665,24.040666666666667
2020,16,Sakhir,NOR,McLaren,10.0,19,15,0,16.0,17.0,5.0,0,0,0,0,0,0,1,0,Renault,5.412,57,3,15,3,2,2,3,0,2,20.0,21,3.539,20.8,23.469291338582668,58.4,False,1.9,1015.9,6.0,1.5,2,0.0,0,6.0,GBR,84.0,7.0,12.0,0.08333332638888948,0.08004270126328053,1800000.6955553584,6.666666666666667,9.066666666666666
2020,16,Sakhir,OCO,Renault,2.0,11,11,0,7.0,5.0,4.0,0,0,0,0,0,0,1,0,Renault,5.412,57,3,15,3,2,2,3,0,2,20.0,24,3.0,20.8,23.469291338582668,58.4,False,1.9,1015.9,,4.0,2,0.0,1,7.0,FRA,42.0,11.0,10.0,1.7999998200000182,1.0296193528954485,533333.728888802,19.046666666666667,16.836
2020,16,Sakhir,PER,Racing Point,1.0,5,5,0,12.0,4.0,8.0,0,0,0,0,0,0,1,0,Mercedes,5.412,57,3,15,3,2,2,3,0,2,20.0,30,3.179,20.8,23.469291338582668,58.4,False,1.9,1015.9,10.0,4.0,2,0.0,0,6.0,MEX,100.0,4.0,0.0,25000000.0,17.034386422832473,3384616.633332884,8.666666666666666,6.923076923076923
2020,16,Sakhir,RAI,Sauber,14.0,18,19,0,14.0,12.0,16.0,0,0,0,0,0,0,1,0,Ferrari,5.412,57,3,15,3,2,2,3,0,2,20.0,41,3.938,20.8,23.469291338582668,58.4,False,1.9,1015.9,7.0,6.0,1,0.0,0,8.0,FIN,4.0,14.0,0.0,1.0,0.6931471805599453,133334.19999986666,13.0,13.974
2020,16,Sakhir,RIC,Renault,5.0,7,7,0,9.0,9.0,14.0,0,0,0,0,0,0,1,0,Renault,5.412,57,3,15,3,2,2,3,0,2,20.0,31,3.0,20.8,23.469291338582668,58.4,False,1.9,1015.9,21.4,20.0,2,0.0,1,6.0,AUS,101.0,3.0,18.0,0.5555555246913597,0.44183273243777027,3400000.7244442636,6.666666666666667,9.254666666666667
2020,16,Sakhir,RUS,Mercedes,9.0,2,2,0,1.0,2.0,7.0,0,0,0,0,0,0,1,1,Mercedes,5.412,57,3,15,3,2,2,3,0,2,20.0,22,3.273,20.8,23.469291338582668,58.4,False,1.9,1015.9,15.0,0.75,3,0.0,1,8.0,GBR,0.0,17.0,4.0,0.49999987500003124,0.4054650247748484,1.0,17.27,20.258666666666667
2020,16,Sakhir,SAI,McLaren,4.0,8,8,0,13.0,11.0,10.0,0,0,0,0,0,0,1,0,Renault,5.412,57,3,15,3,2,2,3,0,2,20.0,26,3.539,20.8,23.469291338582668,58.4,False,1.9,1015.9,21.4,4.5,2,0.0,0,9.0,ESP,76.0,8.0,1.0,11.999988000012001,2.5649484343851108,1333333.879999916,5.666666666666667,18.430666666666664
2020,16,Sakhir,STR,Racing Point,48.97,10,10,0,11.0,8.0,9.0,0,0,1,0,0,0,0,0,Mercedes,5.412,57,3,15,3,2,2,3,0,2,20.0,22,3.179,20.8,23.469291338582668,58.4,False,1.9,1015.9,14.0,1.5,2,0.0,0,,CAN,59.0,10.0,25.0,0.0,0.0,142858.8138876192,13.666666666666666,16.267142857142858
2020,16,Sakhir,VER,Red Bull Racing,50.0,3,3,0,2.0,3.0,1.0,0,0,1,0,0,0,0,0,Honda,5.412,57,3,15,3,2,2,3,0,2,20.0,23,2.429,20.8,23.469291338582668,58.4,False,1.9,1015.9,4.0,16.0,3,0.0,0,,NED,186.0,2.0,8.0,0.0,0.0,2200002.6638874677,10.709999999999999,12.033333333333333
2020,16,Sakhir,VET,Ferrari,12.0,13,13,0,8.0,16.0,15.0,0,0,0,0,0,0,1,0,Ferrari,5.412,57,3,15,3,2,2,3,0,2,20.0,33,3.545,20.8,23.469291338582668,58.4,False,1.9,1015.9,5.0,35.0,3,0.0,1,6.0,GER,33.0,12.0,0.0,1.0,0.6931471805599453,933333.647037025,9.333333333333334,15.078666666666667
2020,17,Yas Island,ALB,Red Bull Racing,4.0,5,5,0,4.0,3.0,2.0,0,0,0,0,0,0,1,0,Honda,5.281,58,2,16,2,2,2,2,0,2,21.0,24,2.429,23.4,27.98,52.2,False,2.6,1015.7,6.0,2.0,3,0.0,0,7.0,THA,93.0,7.0,25.0,0.4799999808000007,0.39204207480305114,1437500.4607638698,5.333333333333333,10.414375
2020,17,Yas Island,BOT,Mercedes,2.0,2,2,0,2.0,2.0,9.0,0,0,0,0,0,0,1,0,Mercedes,5.281,58,2,16,2,2,2,2,0,2,21.0,31,3.273,23.4,27.98,52.2,False,2.6,1015.7,4.0,9.0,3,0.0,1,7.0,FIN,203.0,2.0,15.0,1.1999999200000053,0.7884573240006356,0.8256248870502676,10.0,6.75
2020,17,Yas Island,FIT,Haas F1 Team,19.0,17,19,0,19.0,19.0,20.0,0,0,0,0,0,0,1,0,Ferrari,5.281,58,2,16,2,2,2,2,0,2,21.0,24,3.966,23.4,27.98,52.2,False,2.6,1015.7,,,1,0.0,0,5.0,BRA,0.0,19.0,0.0,1.0,0.6931471805599453,1.0,17.0,17.0
2020,17,Yas Island,GAS,Racing Bulls,8.0,9,10,0,7.0,13.0,13.0,0,0,0,0,0,0,1,0,Honda,5.281,58,2,16,2,2,2,2,0,2,21.0,24,2.982,23.4,27.98,52.2,False,2.6,1015.7,18.0,1.0,2,0.0,0,6.0,FRA,71.0,10.0,0.0,4000000.0,15.201805169084134,2750000.9374996014,10.0,15.485
2020,17,Yas Island,GIO,Sauber,16.0,14,14,0,,17.0,16.0,0,0,0,1,0,0,1,0,Ferrari,5.281,58,2,16,2,2,2,2,0,2,21.0,27,3.938,23.4,27.98,52.2,False,2.6,1015.7,16.0,0.5,1,0.0,0,7.0,ITA,4.0,15.0,0.0,1.0,0.6931471805599453,187500.78124998437,24.436666666666667,19.6025
2020,17,Yas Island,HAM,Mercedes,3.0,3,3,0,5.0,1.0,6.0,0,0,0,0,0,0,1,0,Mercedes,5.281,58,2,16,2,2,2,2,0,2,21.0,35,3.273,23.4,27.98,52.2,False,2.6,1015.7,1.0,47.0,3,0.0,1,10.0,GBR,326.0,1.0,18.0,0.8333332870370396,0.6061357783177913,5000001.293851694,1.0,1.8
2020,17,Yas Island,KVY,Racing Bulls,11.0,7,7,0,9.0,11.0,11.0,0,0,0,0,0,0,1,0,Honda,5.281,58,2,16,2,2,2,2,0,2,21.0,26,2.982,23.4,27.98,52.2,False,2.6,1015.7,9.0,0.75,2,0.0,0,7.0,RUS,32.0,14.0,4.0,0.0,0.0,1625000.2549999373,10.0,13.2425
2020,17,Yas Island,LAT,Williams,17.0,18,20,0,17.0,20.0,19.0,0,0,0,0,0,0,1,0,Mercedes,5.281,58,2,16,2,2,2,2,0,2,21.0,25,3.598,23.4,27.98,52.2,False,2.6,1015.7,,0.75,1,0.0,0,6.0,CAN,0.0,19.0,0.0,1.0,0.6931471805599453,1.0,23.959999999999997,18.989375
2020,17,Yas Island,LEC,Ferrari,13.0,12,9,0,12.0,9.0,12.0,0,0,0,0,0,0,1,0,Ferrari,5.281,58,2,16,2,2,2,2,0,2,21.0,23,3.545,23.4,27.98,52.2,False,2.6,1015.7,3.0,9.0,3,0.0,1,8.0,MON,98.0,6.0,0.0,1.0,0.6931471805599453,2312503.362496934,21.333333333333332,15.216875
2020,17,Yas Island,MAG,Haas F1 Team,18.0,20,17,0,,16.0,18.0,0,0,0,1,0,0,1,0,Ferrari,5.281,58,2,16,2,2,2,2,0,2,21.0,28,3.966,23.4,27.98,52.2,False,2.6,1015.7,14.0,2.0,1,0.0,0,7.0,DEN,1.0,18.0,0.0,1.0,0.6931471805599453,62500.875,17.676666666666666,23.475625
2020,17,Yas Island,NOR,McLaren,5.0,4,4,0,13.0,5.0,5.0,0,0,0,0,0,0,1,0,Renault,5.281,58,2,16,2,2,2,2,0,2,21.0,21,3.539,23.4,27.98,52.2,False,2.6,1015.7,8.0,1.5,2,0.0,0,6.0,GBR,85.0,9.0,8.0,1.2499998437500197,0.8109301467718907,1687500.6572914813,7.333333333333333,9.125
2020,17,Yas Island,OCO,Renault,9.0,10,11,0,3.0,6.0,4.0,0,0,0,0,0,0,1,0,Renault,5.281,58,2,16,2,2,2,2,0,2,21.0,24,3.0,23.4,27.98,52.2,False,2.6,1015.7,,4.0,2,0.0,1,7.0,FRA,60.0,11.0,6.0,0.33333327777778704,0.28768203078512034,500000.48333324067,7.333333333333333,15.90875
2020,17,Yas Island,PER,Racing Point,45.64,19,15,0,8.0,7.0,10.0,0,1,0,0,0,0,0,0,Mercedes,5.281,58,2,16,2,2,2,2,0,2,21.0,30,3.179,23.4,27.98,52.2,False,2.6,1015.7,7.0,4.0,2,0.0,0,6.0,MEX,125.0,4.0,1.0,0.0,0.0,4928572.588094821,7.0,6.5
2020,17,Yas Island,RAI,Sauber,12.0,15,16,0,10.0,14.0,17.0,0,0,0,0,0,0,1,0,Ferrari,5.281,58,2,16,2,2,2,2,0,2,21.0,41,3.938,23.4,27.98,52.2,False,2.6,1015.7,13.0,6.0,1,0.0,0,8.0,FIN,4.0,15.0,0.0,1.0,0.6931471805599453,125000.874999875,14.666666666666666,13.975625
2020,17,Yas Island,RIC,Renault,7.0,11,12,0,,8.0,3.0,0,0,0,1,0,0,1,1,Renault,5.281,58,2,16,2,2,2,2,0,2,21.0,31,3.0,23.4,27.98,52.2,False,2.6,1015.7,11.0,20.0,2,0.0,1,6.0,AUS,111.0,5.0,2.0,2.99999850000075,1.3862939861200079,3187500.7138887173,7.333333333333333,8.98875
2020,17,Yas Island,RUS,Williams,15.0,16,18,0,16.0,18.0,15.0,0,0,0,0,0,0,1,0,Mercedes,5.281,58,2,16,2,2,2,2,0,2,21.0,22,3.598,23.4,27.98,52.2,False,2.6,1015.7,17.0,0.75,1,0.0,0,8.0,GBR,2.0,17.0,0.0,1.0,0.6931471805599453,0.9687499921875019,12.333333333333334,19.555
2020,17,Yas Island,SAI,McLaren,6.0,6,6,0,11.0,12.0,8.0,0,0,0,0,0,0,1,0,Renault,5.281,58,2,16,2,2,2,2,0,2,21.0,26,3.539,23.4,27.98,52.2,False,2.6,1015.7,10.0,4.5,2,0.0,0,9.0,ESP,88.0,8.0,10.0,0.7999999200000081,0.587786620457678,1250001.2624991713,4.666666666666667,17.52875
2020,17,Yas Island,STR,Racing Point,10.0,8,8,0,6.0,10.0,7.0,0,0,0,0,0,0,1,0,Mercedes,5.281,58,2,16,2,2,2,2,0,2,21.0,22,3.179,23.4,27.98,52.2,False,2.6,1015.7,21.82,1.5,2,0.0,0,,CAN,59.0,12.0,0.0,1000000.0,13.815511557963774,133334.89296177792,25.656666666666666,18.447333333333333
2020,17,Yas Island,VER,Red Bull Racing,1.0,1,1,0,1.0,4.0,1.0,0,0,0,0,0,0,1,0,Honda,5.281,58,2,16,2,2,2,2,0,2,21.0,23,2.429,23.4,27.98,52.2,False,2.6,1015.7,2.0,16.0,3,0.0,0,,NED,186.0,3.0,12.0,2.083333159722237,1.126011206549921,2062502.4973945008,19.333333333333332,14.40625
2020,17,Yas Island,VET,Ferrari,14.0,13,13,0,14.0,15.0,14.0,0,0,0,0,0,0,1,0,Ferrari,5.281,58,2,16,2,2,2,2,0,2,21.0,33,3.545,23.4,27.98,52.2,False,2.6,1015.7,5.0,35.0,3,0.0,1,6.0,GER,33.0,13.0,0.0,1.0,0.6931471805599453,875000.3565972109,9.333333333333334,14.88625
